案件編號,發生時間,災情類別,相近地點,災情描述,權責單位,通報來源,案件類別大項,案件類別細項
42020000000000.0,2020/6/20 10:15,"[積淹水災情]
道路積淹水",屏東縣東港鎮船頭路60號,兩側道路積水約30公分  ,,災情查報,積淹水災情,道路積淹水
42020000000000.0,2020/6/19 10:26,"[火災]
建築物",屏東縣東港鎮興東街96號,二樓居室起火 一人受困,,災情查報,火災,建築物
42020000000000.0,2020/6/9 11:09,"[路樹災情]
路樹倒塌",屏東縣三地門鄉青葉村,路樹倒塌影響通行,屏東縣三地門鄉公所(已處理),災情查報,路樹災情,路樹倒塌
42020000000000.0,2020/6/9 11:03,"[積淹水災情]
道路積淹水",屏東縣內埔鄉科大路三段,內埔鄉科大路三段道路積水，影響人車通行,"交通部公路總局第三區養護工程處(待處理)
屏東縣政府水利處(待處理)
屏東縣政府工務處(待處理)
屏東縣內埔鄉公所(處理中)
屏東縣政府警察局(已處理)",災情查報,積淹水災情,道路積淹水
42020000000000.0,2020/6/9 11:02,"[路樹災情]
路樹倒塌",屏東縣里港鄉玉田村八德路487之3號,連日大雨造成該路段土石鬆動進而使路樹倒塌嚴重造成該路段交通阻塞,"交通部公路總局第三區養護工程處(待處理)
屏東縣政府工務處(待處理)
屏東縣里港鄉公所(處理中)",災情查報,路樹災情,路樹倒塌
42020000000000.0,2020/6/9 11:00,"[路樹災情]
路樹倒塌",屏東縣獅子鄉[屏東縣獅子鄉楓林村8鄰楓林二巷26號之1],獅子鄉公所路樹倒塌,"交通部公路總局第三區養護工程處(待處理)
屏東縣政府工務處(待處理)
屏東縣獅子鄉公所(已處理)",災情查報,路樹災情,路樹倒塌
42020000000000.0,2020/6/9 10:59,"[環境汙染]
環境汙染",屏東縣萬丹鄉鄉公所,沒事,"屏東縣政府環境保護局(已處理)
屏東縣萬丹鄉公所(已處理)",災情查報,環境汙染,環境汙染
42020000000000.0,2020/6/9 10:59,"[路樹災情]
路樹倒塌",屏東縣來義鄉來義村,路樹倒塌,"交通部公路總局第三區養護工程處(待處理)
屏東縣政府工務處(待處理)
屏東縣來義鄉公所(已處理)",災情查報,路樹災情,路樹倒塌
42020000000000.0,2020/6/9 10:58,"[路樹災情]
路樹倒塌",屏東縣九如鄉,路樹倒塌,"交通部公路總局第三區養護工程處(待處理)
屏東縣政府工務處(待處理)
屏東縣九如鄉公所(已處理)",災情查報,路樹災情,路樹倒塌
42020000000000.0,2020/6/9 10:58,"[積淹水災情]
道路積淹水",屏東縣屏東市[屏東縣屏東市一心里6鄰復興路243號],雨大淹水,"交通部公路總局第三區養護工程處(待處理)
屏東縣政府水利處(待處理)
屏東縣政府工務處(待處理)
屏東縣政府警察局(已處理)
屏東縣屏東市公所(已處理)",災情查報,積淹水災情,道路積淹水
42020000000000.0,2020/6/9 10:58,"[路樹災情]
路樹倒塌",屏東縣滿州鄉中山路43號,"東海王吹一口氣,造成路樹倒塌,造成車輛無法通行","交通部公路總局第三區養護工程處(待處理)
屏東縣政府工務處(待處理)
屏東縣滿州鄉公所(已處理)",災情查報,路樹災情,路樹倒塌
42020000000000.0,2020/6/9 10:58,"[道路、隧道災情]
道路落石",屏東縣林邊鄉,道路落石，雙向交通阻塞。,"交通部公路總局第三區養護工程處(待處理)
屏東縣政府工務處(待處理)
屏東縣政府警察局(已處理)
屏東縣林邊鄉公所(已處理)",災情查報,道路、隧道災情,道路落石
42020000000000.0,2020/6/9 10:58,"[積淹水災情]
道路積淹水",屏東縣佳冬鄉佳昌路2號,豪雨造成道路淹水,"交通部公路總局第三區養護工程處(待處理)
屏東縣政府水利處(待處理)
屏東縣政府工務處(待處理)
屏東縣政府警察局(已處理)
屏東縣佳冬鄉公所(已處理)",災情查報,積淹水災情,道路積淹水
42020000000000.0,2020/6/9 10:58,"[積淹水災情]
道路積淹水",屏東縣春日鄉古華村1鄰1號,屏東縣春香古華村1鄰1號道路積水,"交通部公路總局第三區養護工程處(待處理)
屏東縣政府水利處(待處理)
屏東縣政府工務處(待處理)
屏東縣政府警察局(已處理)
屏東縣春日鄉公所(已處理)",災情查報,積淹水災情,道路積淹水
42020000000000.0,2020/6/9 10:58,"[路樹災情]
路樹倒塌",屏東縣潮州鎮中山路38號,屏東縣潮州鎮中山路38號有路樹倒塌,"交通部公路總局第三區養護工程處(待處理)
屏東縣政府工務處(待處理)
屏東縣潮州鎮公所(已處理)",災情查報,路樹災情,路樹倒塌
42020000000000.0,2020/6/9 10:58,"[路樹災情]
路樹傾斜",屏東縣琉球鄉中福村三民路124號,三民路124號旁路樹傾到影響交通,"交通部公路總局第三區養護工程處(待處理)
屏東縣政府工務處(待處理)
屏東縣琉球鄉公所(已處理)",災情查報,路樹災情,路樹傾斜
42020000000000.0,2020/6/9 10:58,"[路樹災情]
路樹倒塌",屏東縣瑪家鄉北葉村5鄰85號,因豪雨風大造成公所前面路樹傾倒,"交通部公路總局第三區養護工程處(待處理)
屏東縣政府工務處(待處理)
屏東縣瑪家鄉公所(處理中)",災情查報,路樹災情,路樹倒塌
42020000000000.0,2020/6/9 10:58,"[積淹水災情]
地區積淹水",屏東縣新園鄉港西村[屏東縣新園鄉港西村5鄰中和路126號],無,"交通部公路總局第三區養護工程處(待處理)
屏東縣政府水利處(待處理)
屏東縣政府工務處(待處理)
屏東縣新園鄉公所(處理中)
屏東縣政府警察局(已處理)",災情查報,積淹水災情,地區積淹水
42020000000000.0,2020/6/9 10:58,"[積淹水災情]
道路積淹水",屏東縣屏東市[屏東縣屏東市一心里6鄰復興路243號],雨大淹水,"交通部公路總局第三區養護工程處(待處理)
屏東縣政府水利處(待處理)
屏東縣政府工務處(待處理)
屏東縣政府警察局(已處理)
屏東縣屏東市公所(已處理)",災情查報,積淹水災情,道路積淹水
42020000000000.0,2020/6/9 10:58,"[積淹水災情]
道路積淹水",屏東縣東港鎮中山路100號,路面淹水,"交通部公路總局第三區養護工程處(待處理)
屏東縣政府水利處(待處理)
屏東縣政府工務處(待處理)
屏東縣政府警察局(已處理)
屏東縣東港鎮公所(已處理)",災情查報,積淹水災情,道路積淹水
42020000000000.0,2020/6/9 10:58,"[廣告招牌災情]
廣告招牌欲墜",屏東縣南州鄉仁里村人里路11號,仁里路11號招牌欲墜,"屏東縣南州鄉公所(處理中)
屏東縣政府城鄉發展處(已處理)",災情查報,廣告招牌災情,廣告招牌欲墜
42020000000000.0,2020/6/9 10:58,"[路樹災情]
路樹倒塌",屏東縣新埤鄉,風雨倒致118線路樹倒塌,"交通部公路總局第三區養護工程處(待處理)
屏東縣政府工務處(待處理)
屏東縣新埤鄉公所殯葬暨宗教管理所(待處理)
屏東縣新埤鄉公所(已處理)",災情查報,路樹災情,路樹倒塌
42020000000000.0,2020/6/9 10:58,"[積淹水災情]
道路積淹水",屏東縣高樹鄉高樹國小,高樹鄉高樹村華興路30號積淹水50公分,"交通部公路總局第三區養護工程處(待處理)
屏東縣政府水利處(待處理)
屏東縣政府工務處(待處理)
屏東縣高樹鄉公所(處理中)
屏東縣政府警察局(已處理)",災情查報,積淹水災情,道路積淹水
42020000000000.0,2020/6/9 10:58,"[路樹災情]
路樹倒塌",屏東縣泰武鄉萬安村1號,"路樹倒塌,影響交通","交通部公路總局第三區養護工程處(待處理)
屏東縣政府工務處(待處理)
屏東縣泰武鄉公所(已處理)",災情查報,路樹災情,路樹倒塌
42020000000000.0,2020/6/9 10:58,"[積淹水災情]
道路積淹水",屏東縣鹽埔鄉[屏東縣鹽埔鄉高朗村24鄰平和路69之5號],梅雨鋒面導致強降雨，水溝宣洩不及導致路面積淹水。,"交通部公路總局第三區養護工程處(待處理)
屏東縣政府水利處(待處理)
屏東縣政府工務處(待處理)
屏東縣鹽埔鄉公所(處理中)
屏東縣政府警察局(已處理)",災情查報,積淹水災情,道路積淹水
42020000000000.0,2020/6/9 10:58,"[路樹災情]
路樹傾斜",屏東縣萬巒鄉,路樹傾斜,"交通部公路總局第三區養護工程處(待處理)
屏東縣政府工務處(待處理)
屏東縣萬巒鄉公所(已處理)",災情查報,路樹災情,路樹傾斜
42020000000000.0,2020/6/9 10:58,"[積淹水災情]
道路積淹水",屏東縣枋山鄉[屏東縣枋山鄉枋山村4鄰中山路四段84巷1號之1],道路積水,"交通部公路總局第三區養護工程處(待處理)
屏東縣政府水利處(待處理)
屏東縣政府工務處(待處理)
屏東縣枋山鄉公所(待處理)
屏東縣政府警察局(已處理)",災情查報,積淹水災情,道路積淹水
42020000000000.0,2020/6/9 10:00,"[其他災情]
其他",屏東縣枋寮鄉,0609演練4,"國防部後備指揮部南部地區後備指揮部屏東縣後備指揮部(待處理)
經濟部水利署南區水資源局(待處理)
經濟部水利署第七河川局(待處理)
台灣自來水股份有限公司(待處理)
台灣電力股份有限公司(待處理)
交通部公路總局第三區養護工程處(待處理)
交通部公路總局高雄區監理所屏東監理站(待處理)
交通部臺灣鐵路管理局高雄運務段(待處理)
行政院農業委員會農糧署南區分署(待處理)
農田水利會(待處理)
海岸巡防署海岸巡防總局南部地區巡防局(待處理)
海岸巡防署海洋巡防總局(待處理)
屏東縣政府(待處理)
屏東縣政府警察局潮州分局(待處理)
屏東縣政府警察局東港分局(待處理)
屏東縣政府警察局恆春分局(待處理)
屏東縣政府警察局里港分局(待處理)
屏東縣政府警察局枋寮分局(待處理)
屏東縣政府警察局內埔分局(待處理)
屏東縣政府衛生局(待處理)
屏東縣政府消防局(待處理)
屏東縣政府稅務局(待處理)
屏東縣政府教育處(待處理)
屏東縣政府水利處(待處理)
屏東縣政府人事處(待處理)
屏東縣政府工務處(待處理)
屏東縣政府原住民處(待處理)
屏東縣政府社會處(待處理)
屏東縣政府城鄉發展處(待處理)
第六三大隊(待處理)
欣屏天然氣公司(待處理)
紅十字會屏東縣支會(待處理)
陸軍機步333旅(待處理)
屏東縣枋寮鄉公所(待處理)
中華電信股份有限公司產業工會(待處理)
海洋委員會海巡署南部分署(待處理)
海洋委員會海巡署第八巡防區指揮部(待處理)
屏東縣政府觀光傳播處(處理中)
屏東縣政府交通旅遊處(處理中)
屏東縣政府警察局(已處理)
屏東縣政府警察局屏東分局(已處理)
屏東縣政府環境保護局(已處理)
屏東縣政府民政處(已處理)
屏東縣政府農業處(已處理)",災情查報,其他災情,其他
42020000000000.0,2020/6/9 9:59,"[其他災情]
其他",屏東縣恆春鎮,0609演練3,"國防部後備指揮部南部地區後備指揮部屏東縣後備指揮部(待處理)
經濟部水利署南區水資源局(待處理)
經濟部水利署第七河川局(待處理)
台灣自來水股份有限公司(待處理)
台灣電力股份有限公司(待處理)
交通部公路總局第三區養護工程處(待處理)
交通部公路總局高雄區監理所屏東監理站(待處理)
交通部臺灣鐵路管理局高雄運務段(待處理)
行政院農業委員會農糧署南區分署(待處理)
農田水利會(待處理)
海岸巡防署海岸巡防總局南部地區巡防局(待處理)
海岸巡防署海洋巡防總局(待處理)
屏東縣政府(待處理)
屏東縣政府警察局潮州分局(待處理)
屏東縣政府警察局東港分局(待處理)
屏東縣政府警察局恆春分局(待處理)
屏東縣政府警察局里港分局(待處理)
屏東縣政府警察局枋寮分局(待處理)
屏東縣政府警察局內埔分局(待處理)
屏東縣政府衛生局(待處理)
屏東縣政府消防局(待處理)
屏東縣政府稅務局(待處理)
屏東縣政府教育處(待處理)
屏東縣政府水利處(待處理)
屏東縣政府人事處(待處理)
屏東縣政府工務處(待處理)
屏東縣政府原住民處(待處理)
屏東縣政府社會處(待處理)
屏東縣政府觀光傳播處(待處理)
屏東縣政府城鄉發展處(待處理)
第六三大隊(待處理)
欣屏天然氣公司(待處理)
紅十字會屏東縣支會(待處理)
陸軍機步333旅(待處理)
屏東縣恆春鎮公所(待處理)
中華電信股份有限公司產業工會(待處理)
海洋委員會海巡署南部分署(待處理)
海洋委員會海巡署第八巡防區指揮部(待處理)
屏東縣政府交通旅遊處(處理中)
屏東縣政府警察局(已處理)
屏東縣政府警察局屏東分局(已處理)
屏東縣政府環境保護局(已處理)
屏東縣政府民政處(已處理)
屏東縣政府農業處(已處理)",災情查報,其他災情,其他
42020000000000.0,2020/6/9 9:58,"[其他災情]
其他",屏東縣潮州鎮,0609演練2,"國防部後備指揮部南部地區後備指揮部屏東縣後備指揮部(待處理)
經濟部水利署南區水資源局(待處理)
經濟部水利署第七河川局(待處理)
台灣自來水股份有限公司(待處理)
台灣電力股份有限公司(待處理)
交通部公路總局第三區養護工程處(待處理)
交通部公路總局高雄區監理所屏東監理站(待處理)
交通部臺灣鐵路管理局高雄運務段(待處理)
行政院農業委員會農糧署南區分署(待處理)
農田水利會(待處理)
海岸巡防署海岸巡防總局南部地區巡防局(待處理)
海岸巡防署海洋巡防總局(待處理)
屏東縣政府(待處理)
屏東縣政府警察局潮州分局(待處理)
屏東縣政府警察局東港分局(待處理)
屏東縣政府警察局恆春分局(待處理)
屏東縣政府警察局里港分局(待處理)
屏東縣政府警察局枋寮分局(待處理)
屏東縣政府警察局內埔分局(待處理)
屏東縣政府衛生局(待處理)
屏東縣政府消防局(待處理)
屏東縣政府稅務局(待處理)
屏東縣政府教育處(待處理)
屏東縣政府水利處(待處理)
屏東縣政府人事處(待處理)
屏東縣政府工務處(待處理)
屏東縣政府原住民處(待處理)
屏東縣政府社會處(待處理)
屏東縣政府觀光傳播處(待處理)
屏東縣政府城鄉發展處(待處理)
第六三大隊(待處理)
欣屏天然氣公司(待處理)
紅十字會屏東縣支會(待處理)
陸軍機步333旅(待處理)
中華電信股份有限公司產業工會(待處理)
海洋委員會海巡署南部分署(待處理)
海洋委員會海巡署第八巡防區指揮部(待處理)
屏東縣政府環境保護局(處理中)
屏東縣政府交通旅遊處(處理中)
屏東縣政府警察局(已處理)
屏東縣政府警察局屏東分局(已處理)
屏東縣政府民政處(已處理)
屏東縣政府農業處(已處理)
屏東縣潮州鎮公所(已處理)",災情查報,其他災情,其他
42020000000000.0,2020/6/9 9:57,"[其他災情]
其他",屏東縣屏東市,0609演練,"國防部後備指揮部南部地區後備指揮部屏東縣後備指揮部(待處理)
經濟部水利署南區水資源局(待處理)
經濟部水利署第七河川局(待處理)
台灣自來水股份有限公司(待處理)
台灣電力股份有限公司(待處理)
交通部公路總局第三區養護工程處(待處理)
交通部公路總局高雄區監理所屏東監理站(待處理)
交通部臺灣鐵路管理局高雄運務段(待處理)
行政院農業委員會農糧署南區分署(待處理)
農田水利會(待處理)
海岸巡防署海岸巡防總局南部地區巡防局(待處理)
海岸巡防署海洋巡防總局(待處理)
屏東縣政府(待處理)
屏東縣政府警察局潮州分局(待處理)
屏東縣政府警察局東港分局(待處理)
屏東縣政府警察局恆春分局(待處理)
屏東縣政府警察局里港分局(待處理)
屏東縣政府警察局枋寮分局(待處理)
屏東縣政府警察局內埔分局(待處理)
屏東縣政府衛生局(待處理)
屏東縣政府消防局(待處理)
屏東縣政府稅務局(待處理)
屏東縣政府教育處(待處理)
屏東縣政府水利處(待處理)
屏東縣政府人事處(待處理)
屏東縣政府工務處(待處理)
屏東縣政府原住民處(待處理)
屏東縣政府社會處(待處理)
屏東縣政府觀光傳播處(待處理)
屏東縣政府城鄉發展處(待處理)
第六三大隊(待處理)
欣屏天然氣公司(待處理)
紅十字會屏東縣支會(待處理)
陸軍機步333旅(待處理)
中華電信股份有限公司產業工會(待處理)
海洋委員會海巡署南部分署(待處理)
海洋委員會海巡署第八巡防區指揮部(待處理)
屏東縣政府環境保護局(處理中)
屏東縣政府交通旅遊處(處理中)
屏東縣政府警察局(已處理)
屏東縣政府警察局屏東分局(已處理)
屏東縣政府民政處(已處理)
屏東縣政府農業處(已處理)
屏東縣屏東市公所(已處理)",災情查報,其他災情,其他
42020000000000.0,2020/6/5 8:32,"[路樹災情]
路樹傾斜",屏東縣新園鄉,田洋村田洋路有一行道樹傾倒壓到圍牆,屏東縣新園鄉公所(已處理),災情查報,路樹災情,路樹傾斜
12020000000000.0,2020/6/4 17:20,"[--]
--",屏東縣三地門鄉,路倒了,,網路災情通報,--,--
12020000000000.0,2020/6/4 17:20,"[--]
--",屏東縣恆春鎮,演練專案,,網路災情通報,--,--
42020000000000.0,2020/6/4 16:00,"[橋梁災情]
橋墩基礎沖刷",屏東縣恆春鎮恆南路10號,"連日豪雨沖刷,致使橋墩裸露,影響人通行安全之虞, 故現場已先行拉起封鎖線。",,災情查報,橋梁災情,橋墩基礎沖刷
42020000000000.0,2020/6/4 15:57,"[道路、隧道災情]
路基流失",屏東縣恆春鎮網紗路8號,"連日豪雨使路面積水不退,大約淹至成人腳踝,現場已經拉起封鎖線, 禁止人車通行。","交通部公路總局(待處理)
交通部公路總局第三區養護工程處(待處理)
屏東縣政府警察局(待處理)
屏東縣政府工務處(待處理)
屏東縣恆春鎮公所(待處理)",災情查報,道路、隧道災情,路基流失
42020000000000.0,2020/6/4 15:51,"[道路、隧道災情]
土石流阻斷",屏東縣牡丹鄉[屏東縣牡丹鄉牡丹村11鄰牡丹路250之18號],土石沖刷路面車輛無法通行,屏東縣牡丹鄉公所(已處理),災情查報,道路、隧道災情,土石流阻斷
42020000000000.0,2020/6/4 15:51,"[道路、隧道災情]
土石流阻斷",屏東縣牡丹鄉[屏東縣牡丹鄉牡丹村11鄰牡丹路250之18號],土石沖刷路面車輛無法通行,屏東縣牡丹鄉公所(已處理),災情查報,道路、隧道災情,土石流阻斷
42020000000000.0,2020/6/4 15:43,"[道路、隧道災情]
道路落石",屏東縣泰武鄉佳興村28號,"道路落石,落石影響到交通",,災情查報,道路、隧道災情,道路落石
42020000000000.0,2020/6/4 15:38,"[其他災情]
請求（協助）疏散撤離",屏東縣東港鎮,1542時，海巡岸際人員抵達現場向戲水民眾進行口導勸導後，5名民眾隨即離去。,,災情查報,其他災情,請求（協助）疏散撤離
42020000000000.0,2020/6/4 15:37,"[積淹水災情]
地區積淹水",屏東縣恆春鎮山腳路6號,"連日豪雨, 而該區也是低漥地區,排水溝亦沒有定期清除淤泥,故導致雨水宣洩不及, 終致道路積水,影響人車通行。 ",,災情查報,積淹水災情,地區積淹水
42020000000000.0,2020/6/4 15:36,"[廣告招牌災情]
廣告招牌掉落",屏東縣恆春鎮城南里天文路10號,有位保全外出，遭二樓掉落招牌砸傷，多處骨折,"屏東縣政府城鄉發展處(待處理)
屏東縣恆春鎮公所(待處理)",災情查報,廣告招牌災情,廣告招牌掉落
42020000000000.0,2020/6/4 15:31,"[橋梁災情]
河川水位達警戒水位及封閉橋梁",屏東縣恆春鎮龍水里龍泉路10號,"連日豪雨,致使水位暴漲,適逢大潮,河水已有蓄積漫延現象,且橋墩亦有裸漏狀況,現場已經拉起封鎖線,禁止人車通行。",,災情查報,橋梁災情,河川水位達警戒水位及封閉橋梁
42020000000000.0,2020/6/4 15:28,"[道路、隧道災情]
工區及周邊區域損壞",屏東縣恆春鎮城南里文化路10號,接獲民眾報案，在城南里堤防道路路基流失，有2人受困於此。,,災情查報,道路、隧道災情,工區及周邊區域損壞
12020000000000.0,2020/6/4 15:27,"[--]
--",屏東縣崁頂鄉,淹水,,網路災情通報,--,--
42020000000000.0,2020/6/4 15:25,"[道路、隧道災情]
路基流失",屏東縣恆春鎮恆南路25號,"連日豪雨沖刷,致使道路路基流失,現場已有民眾先行幫忙設置警告物,並通知相關單位視天候狀況視察。","交通部公路總局第三區養護工程處(待處理)
屏東縣政府警察局(待處理)
屏東縣政府工務處(待處理)
屏東縣恆春鎮公所(待處理)",災情查報,道路、隧道災情,路基流失
42020000000000.0,2020/6/4 15:25,"[道路、隧道災情]
路基流失",屏東縣恆春鎮恆南路25號,"連日豪雨沖刷,致使道路路基流失,現場已有民眾先行幫忙設置警告物,並通知相關單位視天候狀況視察。","交通部公路總局第三區養護工程處(待處理)
屏東縣政府警察局(待處理)
屏東縣政府工務處(待處理)
屏東縣恆春鎮公所(待處理)",災情查報,道路、隧道災情,路基流失
42020000000000.0,2020/6/4 15:18,"[路樹災情]
路樹倒塌",屏東縣三地門鄉三地村,三地村衛生所門口路樹因地震倒塌，壓到電線造成爆炸，引起火災，並造成8名路人受傷,屏東縣三地門鄉公所(已處理),災情查報,路樹災情,路樹倒塌
42020000000000.0,2020/6/4 15:10,"[積淹水災情]
房屋積淹水",屏東縣霧臺鄉大武村東川巷1鄰13號,豪雨造成房屋積水,屏東縣霧臺鄉公所(已處理),災情查報,積淹水災情,房屋積淹水
42020000000000.0,2020/6/4 15:08,"[積淹水災情]
道路積淹水",屏東縣霧臺鄉谷川部落,豪雨造成路面積水,屏東縣霧臺鄉公所(已處理),災情查報,積淹水災情,道路積淹水
12020000000000.0,2020/6/4 13:40,"[--]
--",屏東縣潮州鎮,"因地震因素,往。。鄉的。。橋之強梁斷裂,造成3人失蹤。",,網路災情通報,--,--
42020000000000.0,2020/6/4 11:57,"[積淹水災情]
地下道淹水",屏東縣長治鄉,高速公路下道路積水不能過,"交通部公路總局第三區養護工程處(待處理)
屏東縣政府警察局(待處理)
屏東縣政府水利處(待處理)
屏東縣政府工務處(待處理)
屏東縣長治鄉公所(已處理)",災情查報,積淹水災情,地下道淹水
42020000000000.0,2020/6/4 11:56,"[橋梁災情]
河川水位達警戒水位及封閉橋梁",屏東縣長治鄉,橋梁水位過高影響行車安全,"交通部公路總局第三區養護工程處(待處理)
屏東縣政府警察局(待處理)
屏東縣政府水利處(待處理)
屏東縣政府工務處(待處理)
屏東縣長治鄉公所(已處理)",災情查報,橋梁災情,河川水位達警戒水位及封閉橋梁
42020000000000.0,2020/6/4 11:54,"[水利設施災情]
水閘門故障",屏東縣長治鄉,水閘門被樹枝擋住,"經濟部水利署第七河川局(待處理)
農田水利會(待處理)
屏東縣政府水利處(待處理)
屏東縣長治鄉公所(已處理)",災情查報,水利設施災情,水閘門故障
12020000000000.0,2020/6/4 11:49,"[積淹水災情]
道路積淹水",屏東縣來義鄉望嘉村,望嘉外環道積水(0604風災演練災情通報),"交通部公路總局第三區養護工程處(待處理)
屏東縣政府警察局(待處理)
屏東縣政府水利處(待處理)
屏東縣政府工務處(待處理)",網路災情通報,積淹水災情,道路積淹水
12020000000000.0,2020/6/4 11:47,"[積淹水災情]
地區積淹水",屏東縣潮州鎮[屏東縣潮州鎮光華里30鄰永誠街12號],因地震 東港溪土石崩坍 三星里三星路附近嚴重淹水,"交通部公路總局第三區養護工程處(待處理)
屏東縣政府警察局(待處理)
屏東縣政府水利處(待處理)
屏東縣政府工務處(待處理)",網路災情通報,積淹水災情,地區積淹水
12020000000000.0,2020/6/4 11:43,"[積淹水災情]
其他",屏東縣屏東市[屏東縣屏東市義勇里11鄰臺糖街37號],淹水,"交通部公路總局第三區養護工程處(待處理)
屏東縣政府警察局(待處理)
屏東縣政府水利處(待處理)
屏東縣政府工務處(待處理)",網路災情通報,積淹水災情,其他
42020000000000.0,2020/6/4 11:42,"[土石災情]
堰塞湖",屏東縣三地門鄉青山村,由於發生地震，姜埔溪疑因土石崩塌，在青山村附近形成一處堰塞湖，鄉公所立即偕同村長、警察、消防人力進行疏散撤離63人,屏東縣三地門鄉公所(已處理),災情查報,土石災情,堰塞湖
12020000000000.0,2020/6/4 11:40,"[積淹水災情]
其他",屏東縣長治鄉香楊村合興路23號[屏東縣長治鄉長興村1鄰中興路85之7號],淹水,"交通部公路總局第三區養護工程處(待處理)
屏東縣政府警察局(待處理)
屏東縣政府水利處(待處理)
屏東縣政府工務處(待處理)
屏東縣長治鄉公所(已處理)",網路災情通報,積淹水災情,其他
12020000000000.0,2020/6/4 11:39,"[其他災情]
其他",屏東縣潮州鎮,測1,屏東縣潮州鎮公所(已處理),網路災情通報,其他災情,其他
12020000000000.0,2020/6/4 11:36,"[土石災情]
土石流",屏東縣霧臺鄉霧台村神山巷73號,接穫民眾報案，在台24線道路路基流失，有2人受困。,"交通部公路總局第三區養護工程處(待處理)
屏東縣政府警察局(待處理)
屏東縣政府水利處(待處理)
屏東縣政府工務處(待處理)
屏東縣霧臺鄉公所(已處理)",網路災情通報,土石災情,土石流
12020000000000.0,2020/6/4 11:31,"[積淹水災情]
道路積淹水",屏東縣高樹鄉高樹村華光路1號,"(屏東縣1090603風災演練)道路積淹水約30公分,車輛通行危險","交通部公路總局第三區養護工程處(待處理)
屏東縣政府警察局(待處理)
屏東縣政府水利處(待處理)
屏東縣政府工務處(待處理)",網路災情通報,積淹水災情,道路積淹水
42020000000000.0,2020/6/4 11:14,"[橋梁災情]
橋梁斷裂",屏東縣萬丹鄉,連日豪雨造成溪水暴漲，連日沖刷橋樑不堪斷裂。,"交通部公路總局第三區養護工程處(待處理)
屏東縣政府警察局(待處理)
屏東縣政府工務處(待處理)
屏東縣萬丹鄉公所(待處理)",災情查報,橋梁災情,橋梁斷裂
42020000000000.0,2020/6/4 11:13,"[廣告招牌災情]
廣告招牌欲墜",屏東縣萬丹鄉,強風來襲造成店家招牌損壞欲掉落。,"屏東縣萬丹鄉公所(待處理)
屏東縣政府城鄉發展處(已處理)",災情查報,廣告招牌災情,廣告招牌欲墜
42020000000000.0,2020/6/4 11:10,"[積淹水災情]
道路積淹水",屏東縣萬丹鄉,連日豪大雨造成排水溝排水不及造成市區道路積水。,"交通部公路總局第三區養護工程處(待處理)
屏東縣政府警察局(待處理)
屏東縣政府水利處(待處理)
屏東縣政府工務處(待處理)
屏東縣萬丹鄉公所(待處理)",災情查報,積淹水災情,道路積淹水
42020000000000.0,2020/6/4 11:10,"[建物毀損]
建物輕微受損",屏東縣枋寮鄉,枋寮車站月台涼亭破損,"屏東縣政府城鄉發展處(已處理)
屏東縣枋寮鄉公所(已處理)",災情查報,建物毀損,建物輕微受損
12020000000000.0,2020/6/4 11:09,"[路樹災情]
路樹倒塌",屏東縣泰武鄉,"萬安國小附近路樹倒塌,影響交通,請盡速派員前往處理","交通部公路總局第三區養護工程處(待處理)
屏東縣政府工務處(待處理)",網路災情通報,路樹災情,路樹倒塌
42020000000000.0,2020/6/4 11:07,"[水利設施災情]
堤防毀損",屏東縣萬丹鄉,颱風伴隨豪雨沖刷堤防造成護岸破損。,"經濟部水利署第七河川局(待處理)
屏東縣政府水利處(待處理)
屏東縣萬丹鄉公所(待處理)",災情查報,水利設施災情,堤防毀損
42020000000000.0,2020/6/4 11:04,"[路樹災情]
路樹倒塌",屏東縣萬丹鄉,因強風來襲造成路樹倒塌。,"交通部公路總局第三區養護工程處(待處理)
屏東縣政府工務處(待處理)
屏東縣萬丹鄉公所(待處理)",災情查報,路樹災情,路樹倒塌
42020000000000.0,2020/6/4 10:57,"[路樹災情]
路樹倒塌",屏東縣牡丹鄉[屏東縣牡丹鄉四林村5鄰四林路124號],路樹倒塌影響車輛無法通行,屏東縣牡丹鄉公所(已處理),災情查報,路樹災情,路樹倒塌
42020000000000.0,2020/6/4 10:57,"[積淹水災情]
道路積淹水",屏東縣牡丹鄉[屏東縣牡丹鄉東源村7鄰東源路168之1號],水淹沒道路,屏東縣牡丹鄉公所(已處理),災情查報,積淹水災情,道路積淹水
12020000000000.0,2020/6/4 10:55,"[積淹水災情]
道路積淹水",屏東縣琉球鄉中正路與忠孝路交叉路口,大福村中正路與和平路交叉路口積水，淹水約半個輪胎高，車輛無法通行,屏東縣琉球鄉公所(已處理),網路災情通報,積淹水災情,道路積淹水
12020000000000.0,2020/6/4 10:54,"[積淹水災情]
地下道淹水",屏東縣枋山鄉,加祿地下道淹水，水深一公尺多,"交通部公路總局第三區養護工程處(待處理)
屏東縣政府警察局(待處理)
屏東縣政府水利處(待處理)
屏東縣政府工務處(待處理)",網路災情通報,積淹水災情,地下道淹水
12020000000000.0,2020/6/4 10:53,"[火災]
其他",屏東縣南州鄉溪洲村仁愛路1號,南州仁愛路門口路樹被強風吹倒，壓到電線造成爆炸，引起火災，並造成8名路人受傷。,屏東縣政府消防局(待處理),網路災情通報,火災,其他
42020000000000.0,2020/6/4 10:51,"[橋梁災情]
橋梁斷裂",屏東縣來義鄉古樓村中山路[屏東縣來義鄉古樓村1鄰育英路6號],(測試)因地震因素，往古樓村中興社區的中興橋之強梁斷裂，造成3人失蹤。,屏東縣來義鄉公所(已處理),災情查報,橋梁災情,橋梁斷裂
42020000000000.0,2020/6/4 10:49,"[積淹水災情]
道路積淹水",屏東縣來義鄉望嘉村,道路積水,屏東縣來義鄉公所(已處理),災情查報,積淹水災情,道路積淹水
42020000000000.0,2020/6/4 10:49,"[橋梁災情]
橋梁斷裂",屏東縣三地門鄉三地門舊橋,因地震因素，往三地門鄉的三地門舊橋之強梁斷裂，造成3人失蹤,屏東縣三地門鄉公所(已處理),災情查報,橋梁災情,橋梁斷裂
42020000000000.0,2020/6/4 10:47,"[積淹水災情]
道路積淹水",屏東縣來義鄉望嘉村,積淹水造成交通阻斷,"交通部公路總局第三區養護工程處(待處理)
屏東縣政府警察局(待處理)
屏東縣政府工務處(待處理)
屏東縣政府水利處(已處理)
屏東縣來義鄉公所(已處理)",災情查報,積淹水災情,道路積淹水
42020000000000.0,2020/6/4 10:46,"[橋梁災情]
其他",屏東縣來義鄉望嘉村,大水溝水位暴漲,"交通部公路總局第三區養護工程處(待處理)
屏東縣政府警察局(待處理)
屏東縣政府工務處(待處理)
屏東縣來義鄉公所(已處理)",災情查報,橋梁災情,其他
42020000000000.0,2020/6/4 10:45,"[路樹災情]
路樹倒塌",屏東縣來義鄉古樓村中正路[屏東縣來義鄉古樓村7鄰中正路2之8號],(測試)教會前路樹倒塌，壓到電線造成爆炸，引起火災，並造成8名路人受傷。,屏東縣來義鄉公所(已處理),災情查報,路樹災情,路樹倒塌
42020000000000.0,2020/6/4 10:43,"[道路、隧道災情]
道路落石",屏東縣來義鄉望嘉村,道路落石造成交通中斷,"交通部公路總局第三區養護工程處(待處理)
屏東縣政府警察局(待處理)
屏東縣政府工務處(待處理)
屏東縣來義鄉公所(已處理)",災情查報,道路、隧道災情,道路落石
12020000000000.0,2020/6/4 10:41,"[積淹水災情]
道路積淹水",屏東縣車城鄉[屏東縣車城鄉溫泉村17鄰溫泉路366號],積淹水30公分，車輛無法通行,"交通部公路總局第三區養護工程處(待處理)
屏東縣政府警察局(待處理)
屏東縣政府工務處(待處理)
屏東縣政府水利處(已處理)
屏東縣車城鄉公所(已處理)",網路災情通報,積淹水災情,道路積淹水
42020000000000.0,2020/6/4 10:40,"[道路、隧道災情]
其他",屏東縣來義鄉望嘉村,道路積水,"交通部公路總局第三區養護工程處(待處理)
屏東縣政府警察局(待處理)
屏東縣政府工務處(待處理)
屏東縣來義鄉公所(已處理)",災情查報,道路、隧道災情,其他
42020000000000.0,2020/6/4 10:40,"[橋梁災情]
橋梁斷裂",屏東縣三地門鄉三地門舊橋,因地震因素，往三地門鄉的三地門舊橋之強梁斷裂，造成3人失蹤,屏東縣三地門鄉公所(已處理),災情查報,橋梁災情,橋梁斷裂
12020000000000.0,2020/6/4 10:38,"[積淹水災情]
地下道淹水",屏東縣春日鄉七佳村自強二路50號,大雨導致屏東縣春日鄉七佳村自強路地下道積水約60公分，使得車輛無法通行，有6人受困於此。,"交通部公路總局第三區養護工程處(待處理)
屏東縣政府警察局(待處理)
屏東縣政府工務處(待處理)
屏東縣政府水利處(處理中)
屏東縣春日鄉公所(已處理)",網路災情通報,積淹水災情,地下道淹水
42020000000000.0,2020/6/4 10:37,"[道路、隧道災情]
路基流失",屏東縣來義鄉古樓村育英路,(測試)接獲民眾報案，在古樓國小旁堤防道路路基流失，有2人受困於此。,屏東縣來義鄉公所(已處理),災情查報,道路、隧道災情,路基流失
42020000000000.0,2020/6/4 10:36,"[道路、隧道災情]
路基流失",屏東縣三地門鄉口社村莎卡蘭溪,接獲民眾報案，在口社村莎卡蘭溪堤防道路路基流失，有2人受困於此,屏東縣三地門鄉公所(已處理),災情查報,道路、隧道災情,路基流失
12020000000000.0,2020/6/4 10:32,"[路樹災情]
路樹倒塌",屏東縣新園鄉仙吉村仙吉路200號,路樹倒塌   壓入民宅,"交通部公路總局第三區養護工程處(待處理)
屏東縣政府工務處(待處理)",網路災情通報,路樹災情,路樹倒塌
42020000000000.0,2020/6/4 10:31,"[廣告招牌災情]
廣告招牌掉落",屏東縣車城鄉[屏東縣車城鄉新街村4鄰保新路64之13號],7-11保鑫店招牌掉落，砸傷一名閃避不及民眾。,"屏東縣政府城鄉發展處(已處理)
屏東縣車城鄉公所(已處理)",災情查報,廣告招牌災情,廣告招牌掉落
12020000000000.0,2020/6/4 10:30,"[其他災情]
救護送醫案件",屏東縣枋寮鄉德興路36號,廣告招牌掉落1位清潔隊員受傷,屏東縣政府消防局(待處理),網路災情通報,其他災情,救護送醫案件
12020000000000.0,2020/6/4 10:29,"[其他災情]
其他",屏東縣內埔鄉內埔村廣濟路26號,測試案件,屏東縣內埔鄉公所(待處理),網路災情通報,其他災情,其他
42020000000000.0,2020/6/4 10:29,"[積淹水災情]
道路積淹水",屏東縣林邊鄉鎮安村全村,淹水，村民無法進出,"交通部公路總局第三區養護工程處(待處理)
屏東縣政府水利處(待處理)
屏東縣政府工務處(待處理)
屏東縣政府警察局(已處理)
屏東縣林邊鄉公所(已處理)",災情查報,積淹水災情,道路積淹水
42020000000000.0,2020/6/4 10:28,"[路樹災情]
路樹倒塌",屏東縣潮州鎮[屏東縣潮州鎮三和里15鄰朝昇路318號],茂隆骨科醫院門口路樹因地震倒塌，壓到電線造成爆炸，引起火災，並造成8名路人受傷。,"交通部公路總局第三區養護工程處(待處理)
屏東縣政府工務處(待處理)
屏東縣潮州鎮公所(已處理)",災情查報,路樹災情,路樹倒塌
42020000000000.0,2020/6/4 10:26,"[積淹水災情]
地區積淹水",屏東縣東港鎮[屏東縣東港鎮頂新里7鄰頂新街9號],雨量太大造成淹水。,"交通部公路總局第三區養護工程處(待處理)
屏東縣政府水利處(待處理)
屏東縣政府工務處(待處理)
屏東縣政府警察局(已處理)
屏東縣東港鎮公所(已處理)",災情查報,積淹水災情,地區積淹水
42020000000000.0,2020/6/4 10:25,"[廣告招牌災情]
廣告招牌掉落",屏東縣枋山鄉,枋山鄉加祿村有位保全外出，遭二樓掉落招牌砸傷，多處骨折。,"屏東縣政府城鄉發展處(已處理)
屏東縣枋山鄉公所(已處理)",災情查報,廣告招牌災情,廣告招牌掉落
42020000000000.0,2020/6/4 10:24,"[橋梁災情]
河川水位達警戒水位及封閉橋梁",屏東縣林邊鄉長源橋,水位超過警界線,"交通部公路總局第三區養護工程處(待處理)
屏東縣政府水利處(待處理)
屏東縣政府工務處(待處理)
屏東縣政府警察局(已處理)
屏東縣林邊鄉公所(已處理)",災情查報,橋梁災情,河川水位達警戒水位及封閉橋梁
42020000000000.0,2020/6/4 10:24,"[土石災情]
土石崩落",屏東縣車城鄉[屏東縣車城鄉溫泉村1鄰溫泉路1號],土石碎塊不斷崩落，後續恐發生大型石塊掉落，預防性封閉單向車道。,"交通部公路總局第三區養護工程處(待處理)
屏東縣政府警察局(待處理)
屏東縣政府水利處(待處理)
屏東縣政府工務處(待處理)
屏東縣車城鄉公所(已處理)",災情查報,土石災情,土石崩落
42020000000000.0,2020/6/4 10:24,"[廣告招牌災情]
廣告招牌掉落",屏東縣九如鄉[屏東縣九如鄉東寧村1鄰九如路二段150之1號],外地遊客至南部旅遊，經過九如名店粿仔店，下車購物，附近店家廣告招牌掉落，造成汽車毀損,"屏東縣九如鄉公所(處理中)
屏東縣政府城鄉發展處(已處理)",災情查報,廣告招牌災情,廣告招牌掉落
42020000000000.0,2020/6/4 10:23,"[土石災情]
堰塞湖",屏東縣枋山鄉,由於發生地震，率芒溪疑因土石崩坍，在加祿村附近形成一處堰塞湖，鄉公所立即偕同村長、警察、消防人力進行疏散撤離63人。,"交通部公路總局第三區養護工程處(待處理)
屏東縣政府警察局(待處理)
屏東縣政府水利處(待處理)
屏東縣政府工務處(待處理)
屏東縣枋山鄉公所(已處理)",災情查報,土石災情,堰塞湖
42020000000000.0,2020/6/4 10:23,"[積淹水災情]
道路積淹水",屏東縣崁頂鄉南州路7號,水及大腿,屏東縣崁頂鄉公所(已處理),災情查報,積淹水災情,道路積淹水
12020000000000.0,2020/6/4 10:22,"[其他災情]
溪水暴漲",屏東縣瑪家鄉[屏東縣瑪家鄉北葉村9鄰風景88之7號],文化發展中心道路道路野溪暴漲，造成文化發展中心工作人員1名受困,屏東縣政府水利處(待處理),網路災情通報,其他災情,溪水暴漲
42020000000000.0,2020/6/4 10:22,"[道路、隧道災情]
路基流失",屏東縣崁頂鄉圍內路12號,路不通,"交通部公路總局第三區養護工程處(待處理)
屏東縣政府工務處(待處理)
屏東縣政府警察局(已處理)
屏東縣崁頂鄉公所(已處理)",災情查報,道路、隧道災情,路基流失
42020000000000.0,2020/6/4 10:22,"[橋梁災情]
其他",屏東縣崁頂鄉和平南路12號,水高,屏東縣崁頂鄉公所(已處理),災情查報,橋梁災情,其他
12020000000000.0,2020/6/4 10:21,"[廣告招牌災情]
廣告招牌掉落",屏東縣林邊鄉,風大致使招牌掉落，砸傷1路人。,"屏東縣林邊鄉公所(待處理)
屏東縣政府城鄉發展處(已處理)",網路災情通報,廣告招牌災情,廣告招牌掉落
42020000000000.0,2020/6/4 10:21,"[廣告招牌災情]
廣告招牌掉落",屏東縣崁頂鄉振興路8號,掉了.,"屏東縣政府城鄉發展處(已處理)
屏東縣崁頂鄉公所(已處理)",災情查報,廣告招牌災情,廣告招牌掉落
42020000000000.0,2020/6/4 10:21,"[廣告招牌災情]
廣告招牌掉落",屏東縣東港鎮中正路260號,因強風造成廣告招牌掉落。,"屏東縣政府城鄉發展處(已處理)
屏東縣東港鎮公所(已處理)",災情查報,廣告招牌災情,廣告招牌掉落
42020000000000.0,2020/6/4 10:20,"[其他災情]
救護送醫案件",屏東縣春日鄉,部落族人身體不適，但大雨無法下山就醫,"屏東縣政府消防局(待處理)
屏東縣春日鄉公所(已處理)",災情查報,其他災情,救護送醫案件
42020000000000.0,2020/6/4 10:20,"[路樹災情]
路樹倒塌",屏東縣崁頂鄉[屏東縣崁頂鄉北勢村4鄰後廍路1之11號],樹倒,屏東縣崁頂鄉公所(已處理),災情查報,路樹災情,路樹倒塌
42020000000000.0,2020/6/4 10:19,"[土石災情]
堰塞湖",屏東縣潮州鎮三星路20號,"由於發生地震,東港溪疑因土石崩坍,在三星里附近形成一處堰塞湖,鎮公所立即偕同里長、警察、消防人力進行疏散撤離63人.","交通部公路總局第三區養護工程處(待處理)
屏東縣政府警察局(待處理)
屏東縣政府水利處(待處理)
屏東縣政府工務處(待處理)
屏東縣潮州鎮公所(已處理)",災情查報,土石災情,堰塞湖
42020000000000.0,2020/6/4 10:19,"[橋梁災情]
橋梁斷裂",屏東縣枋山鄉,因地震因素，往枋山鄉的枋寮橋之強梁斷裂，造成3人失蹤。,"交通部公路總局第三區養護工程處(待處理)
屏東縣政府警察局(待處理)
屏東縣政府工務處(待處理)
屏東縣枋山鄉公所(已處理)",災情查報,橋梁災情,橋梁斷裂
42020000000000.0,2020/6/4 10:18,"[積淹水災情]
房屋積淹水",屏東縣林邊鄉仁愛路40號,民房淹水,"交通部公路總局第三區養護工程處(待處理)
屏東縣政府水利處(待處理)
屏東縣政府工務處(待處理)
屏東縣政府警察局(已處理)
屏東縣林邊鄉公所(已處理)",災情查報,積淹水災情,房屋積淹水
42020000000000.0,2020/6/4 10:18,"[路樹災情]
路樹倒塌",屏東縣枋山鄉,枋寮醫院門口路樹因地震倒塌，壓到電線造成爆炸，引起火災，並造成8名路人受傷。,"交通部公路總局第三區養護工程處(待處理)
屏東縣政府工務處(待處理)
屏東縣枋山鄉公所(已處理)",災情查報,路樹災情,路樹倒塌
42020000000000.0,2020/6/4 10:18,"[廣告招牌災情]
廣告招牌掉落",屏東縣潮州鎮中山路38號,潮州鎮有位保全外出，遭二樓掉落招牌砸傷，多處骨折,"屏東縣政府城鄉發展處(已處理)
屏東縣潮州鎮公所(已處理)",災情查報,廣告招牌災情,廣告招牌掉落
12020000000000.0,2020/6/4 10:14,"[廣告招牌災情]
廣告招牌掉落",屏東縣鹽埔鄉[屏東縣鹽埔鄉高朗村2鄰三民路17號],[0604EMIC演練]三民路有廣告招牌因強風掉落，砸毀路旁停車車輛及一路過民眾被碎片劃傷，且招牌橫置路面影響交通。,"屏東縣政府城鄉發展處(已處理)
屏東縣鹽埔鄉公所(已處理)",網路災情通報,廣告招牌災情,廣告招牌掉落
42020000000000.0,2020/6/4 10:13,"[橋梁災情]
河川水位達警戒水位及封閉橋梁",屏東縣東港鎮[屏東縣東港鎮船頭里1鄰船頭路1之9號],第一大排水量太大，以溢出橋面。,"交通部公路總局第三區養護工程處(待處理)
屏東縣政府水利處(待處理)
屏東縣政府工務處(待處理)
屏東縣政府警察局(已處理)
屏東縣東港鎮公所(已處理)",災情查報,橋梁災情,河川水位達警戒水位及封閉橋梁
42020000000000.0,2020/6/4 10:11,"[積淹水災情]
地區積淹水",屏東縣鹽埔鄉[屏東縣鹽埔鄉彭厝村15鄰莒光路24號],莒光路因路旁水溝阻塞溢淹，造成大面積積淹水，行經民眾打滑受傷。,"交通部公路總局第三區養護工程處(待處理)
屏東縣政府水利處(待處理)
屏東縣政府工務處(待處理)
屏東縣政府警察局(已處理)
屏東縣鹽埔鄉公所(已處理)",災情查報,積淹水災情,地區積淹水
42020000000000.0,2020/6/4 10:11,"[橋梁災情]
河川水位達警戒水位及封閉橋梁",屏東縣車城鄉[屏東縣車城鄉溫泉村3鄰內埔29之20號],河水水位達封橋標準，南勢湖部落五戶居民受困。,"交通部公路總局第三區養護工程處(待處理)
屏東縣政府警察局(待處理)
屏東縣政府水利處(待處理)
屏東縣政府工務處(待處理)
屏東縣車城鄉公所(已處理)",災情查報,橋梁災情,河川水位達警戒水位及封閉橋梁
12020000000000.0,2020/6/4 10:10,"[其他災情]
救護送醫案件",屏東縣春日鄉,有位保全外出，遭二樓掉落招牌砸傷，多處骨折。,屏東縣政府消防局(待處理),網路災情通報,其他災情,救護送醫案件
42020000000000.0,2020/6/4 10:10,"[積淹水災情]
地下道淹水",屏東縣里港鄉玉田村信義路134號,因連日豪大雨，導致地下道積淹水約200平方公尺，使得車輛進水損壞及困於水中並造成無法通行，6人受困於車內,"交通部公路總局第三區養護工程處(待處理)
屏東縣政府水利處(待處理)
屏東縣政府工務處(待處理)
屏東縣里港鄉公所(處理中)
屏東縣政府警察局(已處理)",災情查報,積淹水災情,地下道淹水
42020000000000.0,2020/6/4 10:09,"[道路、隧道災情]
路基流失",屏東縣枋山鄉,接獲民眾報案，在枋山鄉加祿村堤防道路路基流失，有2人受困於此。,"交通部公路總局第三區養護工程處(待處理)
屏東縣政府警察局(待處理)
屏東縣政府工務處(待處理)
屏東縣枋山鄉公所(已處理)",災情查報,道路、隧道災情,路基流失
12020000000000.0,2020/6/4 10:09,"[其他災情]
請求（協助）疏散撤離",屏東縣里港鄉玉田村八德路88號,"因連日豪大雨.導致道路兩側土石鬆動造成落石及土石泥堆滿道路.並使得車
輛無法通行且有一台車輛中有6人受困於車內
","國防部後備指揮部南部地區後備指揮部屏東縣後備指揮部(待處理)
屏東縣政府警察局(待處理)
屏東縣政府衛生局(待處理)
屏東縣政府消防局(待處理)
屏東縣政府教育處(待處理)
屏東縣政府民政處(待處理)
屏東縣政府社會處(待處理)
屏東縣里港鄉公所(已處理)",網路災情通報,其他災情,請求（協助）疏散撤離
42020000000000.0,2020/6/4 10:08,"[積淹水災情]
道路積淹水",屏東縣鹽埔鄉[屏東縣鹽埔鄉鹽中村15鄰民興街21之2號],民興街因雨量過大，排水溝宣洩不及造成溢淹。,"交通部公路總局第三區養護工程處(待處理)
屏東縣政府水利處(待處理)
屏東縣政府工務處(待處理)
屏東縣政府警察局(已處理)
屏東縣鹽埔鄉公所(已處理)",災情查報,積淹水災情,道路積淹水
42020000000000.0,2020/6/4 10:08,"[橋梁災情]
橋梁斷裂",屏東縣潮州鎮三林路78號,"因地震因素,往。。鄉的。。橋之強梁斷裂,造成3人失蹤。","交通部公路總局第三區養護工程處(待處理)
屏東縣政府警察局(待處理)
屏東縣政府工務處(待處理)
屏東縣潮州鎮公所(已處理)",災情查報,橋梁災情,橋梁斷裂
42020000000000.0,2020/6/4 10:08,"[廣告招牌災情]
廣告招牌掉落",屏東縣枋寮鄉德興路36號,枋寮鄉德興路36號附近有位保全外出遭2樓掉落招牌咂傷多處骨折,"屏東縣政府城鄉發展處(已處理)
屏東縣枋寮鄉公所(已處理)",災情查報,廣告招牌災情,廣告招牌掉落
42020000000000.0,2020/6/4 10:07,"[道路、隧道災情]
其他",屏東縣林邊鄉[屏東縣林邊鄉鎮安村10鄰中山路585之7號],積水高度50公分，長200公尺，車輛無法通行,"交通部公路總局第三區養護工程處(待處理)
屏東縣政府工務處(待處理)
屏東縣政府警察局(已處理)
屏東縣林邊鄉公所(已處理)",災情查報,道路、隧道災情,其他
42020000000000.0,2020/6/4 10:07,"[路樹災情]
路樹倒塌",屏東縣潮州鎮三星里壽星路100號,三星醫院門口路樹因地震倒塌，壓倒電線造成爆炸，引起火災，並造成8名路人受傷。,"交通部公路總局第三區養護工程處(待處理)
屏東縣政府工務處(待處理)
屏東縣潮州鎮公所(已處理)",災情查報,路樹災情,路樹倒塌
42020000000000.0,2020/6/4 10:06,"[積淹水災情]
地下道淹水",屏東縣春日鄉七佳村自強二路50號,大雨導致七佳村自強二路地下道積水約60公分，使得車輛無法通行，有6人受困於此。,"交通部公路總局第三區養護工程處(待處理)
屏東縣政府警察局(待處理)
屏東縣政府水利處(待處理)
屏東縣政府工務處(待處理)
屏東縣春日鄉公所(已處理)",災情查報,積淹水災情,地下道淹水
42020000000000.0,2020/6/4 10:06,"[土石災情]
堰塞湖",屏東縣內埔鄉南寧路2號,(測試)由於發生地震，隘寮溪疑因土石崩坍在隘寮村附近形成一處堰塞湖鄉公所立即偕同村長、警察、消防人力進行疏散撤離63人。,"交通部公路總局第三區養護工程處(待處理)
屏東縣政府警察局(待處理)
屏東縣政府水利處(待處理)
屏東縣政府工務處(待處理)
屏東縣內埔鄉公所(已處理)",災情查報,土石災情,堰塞湖
42020000000000.0,2020/6/4 10:05,"[路樹災情]
路樹倒塌",屏東縣車城鄉[屏東縣車城鄉福安村4鄰福安路3號],路樹因風大連根拔起，影響單向通車。,"交通部公路總局第三區養護工程處(待處理)
屏東縣政府工務處(待處理)
屏東縣車城鄉公所(已處理)",災情查報,路樹災情,路樹倒塌
42020000000000.0,2020/6/4 10:05,"[橋梁災情]
河川水位達警戒水位及封閉橋梁",屏東縣林邊鄉,水位過高 橋樑封閉,"交通部公路總局第三區養護工程處(待處理)
屏東縣政府水利處(待處理)
屏東縣政府工務處(待處理)
屏東縣政府警察局(已處理)
屏東縣林邊鄉公所(已處理)",災情查報,橋梁災情,河川水位達警戒水位及封閉橋梁
42020000000000.0,2020/6/4 10:05,"[積淹水災情]
道路積淹水",屏東縣東港鎮[屏東縣東港鎮興東里29鄰光復路一段30號],雨下太大，水溝排水宣洩不及，造成道路積淹水。,"交通部公路總局第三區養護工程處(待處理)
屏東縣政府水利處(待處理)
屏東縣政府工務處(待處理)
屏東縣政府警察局(已處理)
屏東縣東港鎮公所(已處理)",災情查報,積淹水災情,道路積淹水
42020000000000.0,2020/6/4 10:03,"[積淹水災情]
道路積淹水",屏東縣瑪家鄉三和村三和,因大雨不斷，造成三和村玉泉社區排水溝排水及，水淹至道路，造成三和路淹水20公分，道路不通。行經路人受傷1人，車子損毀。,"交通部公路總局第三區養護工程處(待處理)
屏東縣政府警察局(待處理)
屏東縣政府水利處(待處理)
屏東縣政府工務處(待處理)
屏東縣瑪家鄉公所(已處理)",災情查報,積淹水災情,道路積淹水
42020000000000.0,2020/6/4 10:03,"[路樹災情]
路樹倒塌",屏東縣內埔鄉南寧路1號,聖仁醫院門口路樹因地震倒塌，壓到電線造成爆炸，引起火災，並造成8名路人受傷。,"交通部公路總局第三區養護工程處(待處理)
屏東縣政府工務處(待處理)
屏東縣內埔鄉公所(已處理)",災情查報,路樹災情,路樹倒塌
42020000000000.0,2020/6/4 10:03,"[道路、隧道災情]
邊坡坍方",屏東縣鹽埔鄉[屏東縣鹽埔鄉新圍村11鄰新高路51號],新圍村新高路段有邊坡因大雨沖刷坍方，有民眾騎車經過為閃避而打滑受傷。,"交通部公路總局第三區養護工程處(待處理)
屏東縣政府工務處(待處理)
屏東縣政府警察局(已處理)
屏東縣鹽埔鄉公所(已處理)",災情查報,道路、隧道災情,邊坡坍方
42020000000000.0,2020/6/4 10:02,"[土石災情]
土石崩落",屏東縣瑪家鄉佳義村泰平巷,由於瞌睡溪暴漲，造成邊坡土石滑落，路過民眾受困2人。,"交通部公路總局第三區養護工程處(待處理)
屏東縣政府警察局(待處理)
屏東縣政府水利處(待處理)
屏東縣政府工務處(待處理)
屏東縣瑪家鄉公所(已處理)",災情查報,土石災情,土石崩落
12020000000000.0,2020/6/4 10:01,"[其他災情]
請求（協助）疏散撤離",屏東縣麟洛鄉[屏東縣麟洛鄉麟頂村5鄰民族路98號],獲民眾報案，在新田村堤防道路路基流失，有2人受困於此。,"國防部後備指揮部南部地區後備指揮部屏東縣後備指揮部(待處理)
屏東縣政府警察局(待處理)
屏東縣政府衛生局(待處理)
屏東縣政府消防局(待處理)
屏東縣政府教育處(待處理)
屏東縣政府民政處(待處理)
屏東縣政府社會處(待處理)
屏東縣麟洛鄉公所(已處理)",網路災情通報,其他災情,請求（協助）疏散撤離
42020000000000.0,2020/6/4 10:00,"[積淹水災情]
道路積淹水",屏東縣春日鄉七佳村自強二路66號,因溪水暴漲，往七佳的自強一路淹水約50公分，造成3人受困。,"交通部公路總局第三區養護工程處(待處理)
屏東縣政府警察局(待處理)
屏東縣政府水利處(待處理)
屏東縣政府工務處(待處理)
屏東縣春日鄉公所(已處理)",災情查報,積淹水災情,道路積淹水
42020000000000.0,2020/6/4 9:59,"[橋梁災情]
橋梁斷裂",屏東縣瑪家鄉涼山村[屏東縣內埔鄉隘寮村6鄰環山路56號],因牛角灣溪暴漲，大岩塊沖刷造成涼山橋斷裂，造成3人失蹤,"交通部公路總局第三區養護工程處(待處理)
屏東縣政府警察局(待處理)
屏東縣政府工務處(待處理)
屏東縣瑪家鄉公所(已處理)",災情查報,橋梁災情,橋梁斷裂
42020000000000.0,2020/6/4 9:59,"[橋梁災情]
橋梁斷裂",屏東縣瑪家鄉涼山村[屏東縣內埔鄉隘寮村6鄰環山路56號],因牛角灣溪暴漲，大岩塊沖刷造成涼山橋斷裂，造成3人失蹤,"交通部公路總局第三區養護工程處(待處理)
屏東縣政府警察局(待處理)
屏東縣政府工務處(待處理)
屏東縣瑪家鄉公所(已處理)",災情查報,橋梁災情,橋梁斷裂
12020000000000.0,2020/6/4 9:58,"[積淹水災情]
道路積淹水",屏東縣佳冬鄉中正路30號[屏東縣佳冬鄉昌隆村14鄰中正路29之2號],豪大與造成道路淹水30公分,"交通部公路總局第三區養護工程處(待處理)
屏東縣政府警察局(待處理)
屏東縣政府水利處(待處理)
屏東縣政府工務處(待處理)
屏東縣佳冬鄉公所(已處理)",網路災情通報,積淹水災情,道路積淹水
42020000000000.0,2020/6/4 9:58,"[道路、隧道災情]
路基流失",屏東縣車城鄉[屏東縣車城鄉海口村9鄰尖山1之19號],海口山區產業道路路基掏空無法通行，兩人受困工寮。,"交通部公路總局第三區養護工程處(待處理)
屏東縣政府警察局(待處理)
屏東縣政府工務處(待處理)
屏東縣車城鄉公所(已處理)",災情查報,道路、隧道災情,路基流失
42020000000000.0,2020/6/4 9:58,"[廣告招牌災情]
廣告招牌掉落",屏東縣內埔鄉,(測試)內埔鄉有位保全外出，遭二樓掉落招牌砸傷，多處骨折。,"屏東縣政府城鄉發展處(已處理)
屏東縣內埔鄉公所(已處理)",災情查報,廣告招牌災情,廣告招牌掉落
42020000000000.0,2020/6/4 9:57,"[橋梁災情]
橋梁斷裂",屏東縣林邊鄉,水量過大致使橋梁斷裂。,"交通部公路總局第三區養護工程處(待處理)
屏東縣政府工務處(待處理)
屏東縣政府警察局(已處理)
屏東縣林邊鄉公所(已處理)",災情查報,橋梁災情,橋梁斷裂
42020000000000.0,2020/6/4 9:57,"[橋梁災情]
河川水位達警戒水位及封閉橋梁",屏東縣春日鄉力里村圓山路90號,力里橋水位因達一級警戒水位，目前已進行封橋作業，暫時禁止人車通行。,"交通部公路總局第三區養護工程處(待處理)
屏東縣政府警察局(待處理)
屏東縣政府水利處(待處理)
屏東縣政府工務處(待處理)
屏東縣春日鄉公所(已處理)",災情查報,橋梁災情,河川水位達警戒水位及封閉橋梁
42020000000000.0,2020/6/4 9:56,"[路樹災情]
路樹倒塌",屏東縣瑪家鄉佳義村泰平巷,佳義村天主堂旁路樹因大雨大風倒塌，壓到電線造成爆炸，引起火災，造成8名路人受傷,"交通部公路總局第三區養護工程處(待處理)
屏東縣政府工務處(待處理)
屏東縣瑪家鄉公所(已處理)",災情查報,路樹災情,路樹倒塌
42020000000000.0,2020/6/4 9:55,"[橋梁災情]
橋梁斷裂",屏東縣內埔鄉,(測試)因地震因素，往內埔鄉的龍頸溪橋之強梁斷裂，造成3人失蹤。,"交通部公路總局第三區養護工程處(待處理)
屏東縣政府警察局(待處理)
屏東縣政府工務處(待處理)
屏東縣內埔鄉公所(已處理)",災情查報,橋梁災情,橋梁斷裂
12020000000000.0,2020/6/4 9:55,"[積淹水災情]
道路積淹水",屏東縣東港鎮[屏東縣東港鎮船頭里24鄰新義路36號],淹水高度50公分，寬度5公尺,"交通部公路總局第三區養護工程處(待處理)
屏東縣政府警察局(待處理)
屏東縣政府水利處(待處理)
屏東縣政府工務處(待處理)
屏東縣東港鎮公所(已處理)",網路災情通報,積淹水災情,道路積淹水
42020000000000.0,2020/6/4 9:55,"[積淹水災情]
道路積淹水",屏東縣潮州鎮中山路38號,豪大雨導致中山路積淹水約50平方公尺，造成車輛無法通行，2人受困於車內。,"交通部公路總局第三區養護工程處(待處理)
屏東縣政府警察局(待處理)
屏東縣政府水利處(待處理)
屏東縣政府工務處(待處理)
屏東縣潮州鎮公所(待處理)",災情查報,積淹水災情,道路積淹水
42020000000000.0,2020/6/4 9:54,"[橋梁災情]
橋墩基礎沖刷",屏東縣里港鄉玉田村八德路208號,"因連日豪大雨.導致大橋橋墩沖刷並造成橋面斷裂.並使得雙方兩側車
輛無法通行.且有一台車輛在於橋身斷裂面中.且有4人受困於車內
","交通部公路總局第三區養護工程處(待處理)
屏東縣政府工務處(待處理)
屏東縣政府警察局(已處理)
屏東縣里港鄉公所(已處理)",災情查報,橋梁災情,橋墩基礎沖刷
42020000000000.0,2020/6/4 9:54,"[道路、隧道災情]
路基流失",屏東縣林邊鄉,道路路基流失,"交通部公路總局第三區養護工程處(待處理)
屏東縣政府工務處(待處理)
屏東縣政府警察局(已處理)
屏東縣林邊鄉公所(已處理)",災情查報,道路、隧道災情,路基流失
12020000000000.0,2020/6/4 9:53,"[積淹水災情]
道路積淹水",屏東縣牡丹鄉[屏東縣牡丹鄉東源村7鄰東源路168之1號],水淹沒路面,"交通部公路總局第三區養護工程處(待處理)
屏東縣政府警察局(待處理)
屏東縣政府水利處(待處理)
屏東縣政府工務處(待處理)
屏東縣牡丹鄉公所(已處理)",網路災情通報,積淹水災情,道路積淹水
42020000000000.0,2020/6/4 9:52,"[道路、隧道災情]
路基流失",屏東縣瑪家鄉佳義村[屏東縣瑪家鄉佳義村1鄰泰平巷5之25號],接獲民眾報案，在瑪家鄉佳義村沿山線路基流失，有2人受困,"交通部公路總局第三區養護工程處(待處理)
屏東縣政府警察局(待處理)
屏東縣政府工務處(待處理)
屏東縣瑪家鄉公所(已處理)",災情查報,道路、隧道災情,路基流失
42020000000000.0,2020/6/4 9:52,"[道路、隧道災情]
土石流阻斷",屏東縣春日鄉力里村圓山路5號,春日鄉力里村爆發土石流，土石隨溪流而下，穿越2條馬路，灌進1戶民宅，2層樓建築遭土石淹沒，2人受困。,"交通部公路總局第三區養護工程處(待處理)
屏東縣政府警察局(待處理)
屏東縣政府工務處(待處理)
屏東縣春日鄉公所(已處理)",災情查報,道路、隧道災情,土石流阻斷
42020000000000.0,2020/6/4 9:51,"[路樹災情]
路樹傾斜",屏東縣東港鎮[屏東縣東港鎮興東里14鄰沿海路161號],風速太強造成路樹倒塌。,"交通部公路總局第三區養護工程處(待處理)
屏東縣政府工務處(待處理)
屏東縣東港鎮公所(已處理)",災情查報,路樹災情,路樹傾斜
42020000000000.0,2020/6/4 9:50,"[其他災情]
漁船(筏)毀損",屏東縣琉球鄉中福村三民路7巷,漁民駕著漁筏到巴士海峽海域作業時，發生機械故障，漁筏在惡劣風浪的海上飄流,"屏東縣政府農業處(處理中)
屏東縣琉球鄉公所(已處理)",災情查報,其他災情,漁船(筏)毀損
42020000000000.0,2020/6/4 9:50,"[廣告招牌災情]
廣告招牌掉落",屏東縣林邊鄉,風大導致廣告招牌掉落。,"屏東縣政府城鄉發展處(已處理)
屏東縣林邊鄉公所(已處理)",災情查報,廣告招牌災情,廣告招牌掉落
42020000000000.0,2020/6/4 9:50,"[橋梁災情]
橋梁斷裂",屏東縣春日鄉力里村圓山路11號,(測試)因地震因素，往○○鄉的○○橋之強梁斷裂，造成3人失蹤。,屏東縣春日鄉公所(已處理),災情查報,橋梁災情,橋梁斷裂
42020000000000.0,2020/6/4 9:49,"[土石災情]
土石流",屏東縣泰武鄉萬安村77號,"村民通報災害應變中心,家裡隔壁的小水溝已有土石流情況發生,目前收拾行囊中,若大雨持續直直落的話,村民會撤離至收容所",屏東縣泰武鄉公所(已處理),災情查報,土石災情,土石流
42020000000000.0,2020/6/4 9:48,"[道路、隧道災情]
土石流阻斷",屏東縣里港鄉玉田村和平路134號,"因連日豪雨.導致道路兩側土石鬆動造成落石及土石泥堆滿道路.並使得車 輛無法通行且有一台車輛中有8人受困於車內
","交通部公路總局第三區養護工程處(待處理)
屏東縣政府工務處(待處理)
屏東縣政府警察局(已處理)
屏東縣里港鄉公所(已處理)",災情查報,道路、隧道災情,土石流阻斷
42020000000000.0,2020/6/4 9:46,"[路樹災情]
路樹倒塌",屏東縣林邊鄉,公園路樹倒塌造成行人1人輕傷,"交通部公路總局第三區養護工程處(待處理)
屏東縣政府工務處(待處理)
屏東縣林邊鄉公所(已處理)",災情查報,路樹災情,路樹倒塌
42020000000000.0,2020/6/4 9:45,"[廣告招牌災情]
廣告招牌掉落",屏東縣新埤鄉,新埤鄉新埤村有位保全外出，遭二樓掉落招牌砸傷，多處骨折。,"屏東縣新埤鄉公所殯葬暨宗教管理所(待處理)
屏東縣政府城鄉發展處(已處理)
屏東縣新埤鄉公所(已處理)",災情查報,廣告招牌災情,廣告招牌掉落
42020000000000.0,2020/6/4 9:45,"[土石災情]
堰塞湖",屏東縣春日鄉古華村古華路1號,(測試)由於發生地震，○○溪疑因土石崩坍，在○○村附近形成一處堰塞湖，鄉公所立即偕同村長、警察、消防人力進行疏散撤離63人。,"交通部公路總局第三區養護工程處(待處理)
屏東縣政府警察局(待處理)
屏東縣政府水利處(待處理)
屏東縣政府工務處(待處理)
屏東縣春日鄉公所(已處理)",災情查報,土石災情,堰塞湖
42020000000000.0,2020/6/4 9:44,"[路樹災情]
路樹傾斜",屏東縣林邊鄉,風大導致路樹傾斜。,"交通部公路總局第三區養護工程處(待處理)
屏東縣政府工務處(待處理)
屏東縣林邊鄉公所(已處理)",災情查報,路樹災情,路樹傾斜
42020000000000.0,2020/6/4 9:44,"[道路、隧道災情]
路基流失",屏東縣春日鄉 力里村圓山路1號,接獲民眾報案，在力里村因溪水暴漲，往力理堤防道路路基流失、積水無法通行，有2人受困於此。,"交通部公路總局第三區養護工程處(待處理)
屏東縣政府警察局(待處理)
屏東縣政府工務處(待處理)
屏東縣春日鄉公所(已處理)",災情查報,道路、隧道災情,路基流失
42020000000000.0,2020/6/4 9:44,"[廣告招牌災情]
廣告招牌掉落",屏東縣屏東市[屏東縣屏東市端正里2鄰中正路72號],風太大招牌掉落,"屏東縣政府城鄉發展處(已處理)
屏東縣屏東市公所(已處理)",災情查報,廣告招牌災情,廣告招牌掉落
42020000000000.0,2020/6/4 9:43,"[橋梁災情]
橋梁斷裂",屏東縣枋寮鄉[屏東縣枋寮鄉枋寮村11鄰德興路9號],枋寮橋梁斷裂 致2人失蹤 ,"交通部公路總局第三區養護工程處(待處理)
屏東縣政府警察局(待處理)
屏東縣政府工務處(待處理)
屏東縣枋寮鄉公所(已處理)",災情查報,橋梁災情,橋梁斷裂
42020000000000.0,2020/6/4 9:43,"[廣告招牌災情]
廣告招牌掉落",屏東縣獅子鄉內獅村入口(台1線),"內獅村村民外出工作時遭2樓掉落招牌砸傷,多處骨折",屏東縣政府城鄉發展處(已處理),災情查報,廣告招牌災情,廣告招牌掉落
42020000000000.0,2020/6/4 9:42,"[路樹災情]
路樹倒塌",屏東縣新園鄉田洋村田洋路27號,路樹傾倒   壓毀民宅==========路樹傾倒   壓到野貓,,災情查報,路樹災情,路樹倒塌
42020000000000.0,2020/6/4 9:41,"[土石災情]
堰塞湖",屏東縣新埤鄉,由於發生地震，林邊溪疑因土石崩坍，在箕湖村附近形成一處堰塞湖，鄉公所立即偕同村長、警察、消防人力進行疏散撤離63人。,"交通部公路總局第三區養護工程處(待處理)
屏東縣政府警察局(待處理)
屏東縣政府水利處(待處理)
屏東縣政府工務處(待處理)
屏東縣新埤鄉公所殯葬暨宗教管理所(待處理)
屏東縣新埤鄉公所(已處理)",災情查報,土石災情,堰塞湖
42020000000000.0,2020/6/4 9:41,"[橋梁災情]
河川水位達警戒水位及封閉橋梁",屏東縣琉球鄉本漁路,連日豪雨不斷致琉球溪暴，漁福村三民路11巷附近漁福橋河川水位達警戒水位，,"交通部公路總局第三區養護工程處(待處理)
屏東縣政府水利處(待處理)
屏東縣政府工務處(待處理)
屏東縣政府警察局(已處理)
屏東縣琉球鄉公所(已處理)",災情查報,橋梁災情,河川水位達警戒水位及封閉橋梁
42020000000000.0,2020/6/4 9:41,"[積淹水災情]
道路積淹水",屏東縣新園鄉仙吉村仙吉路200號,道路積淹水   雙向行車不易  ,"交通部公路總局第三區養護工程處(待處理)
屏東縣政府水利處(待處理)
屏東縣政府工務處(待處理)
屏東縣政府警察局(已處理)
屏東縣新園鄉公所(已處理)",災情查報,積淹水災情,道路積淹水
42020000000000.0,2020/6/4 9:39,"[廣告招牌災情]
廣告招牌掉落",屏東縣枋寮鄉[屏東縣枋寮鄉新龍村9鄰義民路180巷15號],新龍村9鄰義民路180巷旁招牌掉落,"屏東縣政府城鄉發展處(已處理)
屏東縣枋寮鄉公所(已處理)",災情查報,廣告招牌災情,廣告招牌掉落
42020000000000.0,2020/6/4 9:38,"[橋梁災情]
河川水位達警戒水位及封閉橋梁",屏東縣屏東市[屏東縣屏東市大武里23鄰武愛街166巷64號],水量太大橋墩快要不行了,"交通部公路總局第三區養護工程處(待處理)
屏東縣政府警察局(待處理)
屏東縣政府水利處(待處理)
屏東縣政府工務處(待處理)
屏東縣屏東市公所(已處理)",災情查報,橋梁災情,河川水位達警戒水位及封閉橋梁
12020000000000.0,2020/6/4 9:37,"[積淹水災情]
道路積淹水",屏東縣滿州鄉大公路18號,因豪雨導致排水溝宣洩不良，附近13戶民宅淹水及膝,"交通部公路總局第三區養護工程處(待處理)
屏東縣政府警察局(待處理)
屏東縣政府水利處(待處理)
屏東縣政府工務處(待處理)
屏東縣滿州鄉公所(已處理)",網路災情通報,積淹水災情,道路積淹水
42020000000000.0,2020/6/4 9:37,"[路樹災情]
路樹倒塌",屏東縣琉球鄉中福村三民路7巷,中福村三民路7巷一處樹路倒塌，壓壞台電主饋線，造成三民路7巷沿線167戶停電，沿線用戶生活受影響,"交通部公路總局第三區養護工程處(待處理)
屏東縣政府工務處(待處理)
屏東縣琉球鄉公所(已處理)",災情查報,路樹災情,路樹倒塌
42020000000000.0,2020/6/4 9:37,"[路樹災情]
路樹倒塌",屏東縣獅子鄉[屏東縣獅子鄉楓林村1鄰楓林一巷5號之20],"(測試)獅子衛生所門口路樹因地震倒塌,壓到電線造成爆炸,引起火災. 造成8名路人受傷","交通部公路總局第三區養護工程處(待處理)
屏東縣政府工務處(待處理)
屏東縣獅子鄉公所(處理中)",災情查報,路樹災情,路樹倒塌
42020000000000.0,2020/6/4 9:36,"[積淹水災情]
道路積淹水",屏東縣高樹鄉高樹村華光路1號,"因強降雨致路面積水,車輛無法通行","交通部公路總局第三區養護工程處(待處理)
屏東縣政府水利處(待處理)
屏東縣政府工務處(待處理)
屏東縣政府警察局(已處理)
屏東縣高樹鄉公所(已處理)",災情查報,積淹水災情,道路積淹水
42020000000000.0,2020/6/4 9:36,"[橋梁災情]
橋梁斷裂",屏東縣新埤鄉箕湖大橋,因地震因素，往箕湖村的箕湖大橋之強梁斷裂，造成3人失蹤。,"交通部公路總局第三區養護工程處(待處理)
屏東縣政府警察局(待處理)
屏東縣政府工務處(待處理)
屏東縣新埤鄉公所殯葬暨宗教管理所(待處理)
屏東縣新埤鄉公所(已處理)",災情查報,橋梁災情,橋梁斷裂
42020000000000.0,2020/6/4 9:34,"[路樹災情]
路樹倒塌",屏東縣枋寮鄉[屏東縣枋寮鄉新龍村2鄰義民路17號],新龍公園路樹倒塌,"交通部公路總局第三區養護工程處(待處理)
屏東縣政府工務處(待處理)
屏東縣枋寮鄉公所(已處理)",災情查報,路樹災情,路樹倒塌
42020000000000.0,2020/6/4 9:34,"[積淹水災情]
道路積淹水",屏東縣屏東市[屏東縣屏東市信和里12鄰泰和10之16號],"水太大,道路全部都是水","交通部公路總局第三區養護工程處(待處理)
屏東縣政府警察局(待處理)
屏東縣政府水利處(待處理)
屏東縣政府工務處(待處理)
屏東縣屏東市公所(已處理)",災情查報,積淹水災情,道路積淹水
42020000000000.0,2020/6/4 9:33,"[土石災情]
堰塞湖",屏東縣麟洛鄉[屏東縣麟洛鄉麟趾村19鄰中山路7之5號],(測試)由於發生地震，大湖圳疑因土石崩坍，在田道村附近形成一處堰塞湖，鄉公所立即偕同村長、警察、消防人力進行疏散撤離63人。,"交通部公路總局第三區養護工程處(待處理)
屏東縣政府警察局(待處理)
屏東縣政府水利處(待處理)
屏東縣政府工務處(待處理)
屏東縣麟洛鄉公所(已處理)",災情查報,土石災情,堰塞湖
42020000000000.0,2020/6/4 9:32,"[積淹水災情]
地區積淹水",屏東縣長治鄉新潭巷22號,民房內淹水,"交通部公路總局第三區養護工程處(待處理)
屏東縣政府警察局(待處理)
屏東縣政府水利處(待處理)
屏東縣政府工務處(待處理)
屏東縣長治鄉公所(已處理)",災情查報,積淹水災情,地區積淹水
42020000000000.0,2020/6/4 9:31,"[積淹水災情]
道路積淹水",屏東縣高樹鄉[屏東縣高樹鄉高樹村14鄰南興路127號],"因積淹水情形,水退後,路面出現坑洞,長約1公尺,?約0.6公尺,恐致車輛通過時發生事故","交通部公路總局第三區養護工程處(待處理)
屏東縣政府水利處(待處理)
屏東縣政府工務處(待處理)
屏東縣政府警察局(已處理)
屏東縣高樹鄉公所(已處理)",災情查報,積淹水災情,道路積淹水
42020000000000.0,2020/6/4 9:30,"[道路、隧道災情]
路基流失",屏東縣枋寮鄉[屏東縣枋寮鄉大庄村8鄰大庄路139號],大庄村堤防道路路基流失==========大庄村堤防道路路基流失,"交通部公路總局第三區養護工程處(待處理)
屏東縣政府警察局(待處理)
屏東縣政府工務處(待處理)
屏東縣枋寮鄉公所(已處理)",災情查報,道路、隧道災情,路基流失
42020000000000.0,2020/6/4 9:30,"[車輛、交通事故]
車禍",屏東縣新園鄉仙吉村仙吉路200號,有二台腳踏車   年輕屁孩騎乘   用力對撞,"屏東縣政府消防局(待處理)
屏東縣政府警察局(已處理)
屏東縣新園鄉公所(已處理)",災情查報,車輛、交通事故,車禍
42020000000000.0,2020/6/4 9:30,"[路樹災情]
路樹倒塌",屏東縣泰武鄉萬安村2號,接獲村民報案，在萬安村辦公處旁大型路樹倒塌，有2人受困於此。,"交通部公路總局第三區養護工程處(待處理)
屏東縣政府工務處(待處理)
屏東縣泰武鄉公所(已處理)",災情查報,路樹災情,路樹倒塌
42020000000000.0,2020/6/4 9:29,"[土石災情]
堰塞湖",屏東縣獅子鄉,"因地震獅子鄉竹坑溪疑土石崩塌,在竹坑村上方形成堰塞湖,鄉公所立即偕同村長.警察.消防人員進行疏散撤離63人","交通部公路總局第三區養護工程處(待處理)
屏東縣政府警察局(待處理)
屏東縣政府水利處(待處理)
屏東縣政府工務處(待處理)
屏東縣獅子鄉公所(處理中)",災情查報,土石災情,堰塞湖
42020000000000.0,2020/6/4 9:29,"[路樹災情]
路樹倒塌",屏東縣新埤鄉安泰醫院,安泰醫院門口路樹因地震倒塌，壓到電線造成爆炸，引起火災，並造成8名路人受傷。,"交通部公路總局第三區養護工程處(待處理)
屏東縣政府工務處(待處理)
屏東縣新埤鄉公所殯葬暨宗教管理所(待處理)
屏東縣新埤鄉公所(已處理)",災情查報,路樹災情,路樹倒塌
42020000000000.0,2020/6/4 9:29,"[路樹災情]
路樹倒塌",屏東縣九如鄉[屏東縣九如鄉大坵村8鄰九如路三段20號],路樹倒塌,"交通部公路總局第三區養護工程處(待處理)
屏東縣政府工務處(待處理)
屏東縣九如鄉公所(處理中)",災情查報,路樹災情,路樹倒塌
42020000000000.0,2020/6/4 9:28,"[廣告招牌災情]
廣告招牌掉落",屏東縣琉球鄉,大福村和平路19號民宿旁豎立大招牌，不敵強風被吹落砸毀路旁的汽機車，壓傷機車騎士,"屏東縣政府城鄉發展處(已處理)
屏東縣琉球鄉公所(已處理)",災情查報,廣告招牌災情,廣告招牌掉落
42020000000000.0,2020/6/4 9:27,"[積淹水災情]
道路積淹水",屏東縣長治鄉,道路積水,"交通部公路總局第三區養護工程處(待處理)
屏東縣政府警察局(待處理)
屏東縣政府水利處(待處理)
屏東縣政府工務處(待處理)
屏東縣長治鄉公所(已處理)",災情查報,積淹水災情,道路積淹水
42020000000000.0,2020/6/4 9:27,"[積淹水災情]
道路積淹水",屏東縣九如鄉[屏東縣九如鄉東寧村20鄰東寧路11號],淹水,"交通部公路總局第三區養護工程處(待處理)
屏東縣政府水利處(待處理)
屏東縣政府工務處(待處理)
屏東縣九如鄉公所(處理中)
屏東縣政府警察局(已處理)",災情查報,積淹水災情,道路積淹水
42020000000000.0,2020/6/4 9:27,"[道路、隧道災情]
路基流失",屏東縣內埔鄉水門村26號,(測試)接獲民眾報案，在水門村堤防道路路基流失，有2人受困於此。,"交通部公路總局第三區養護工程處(待處理)
屏東縣政府警察局(待處理)
屏東縣政府工務處(待處理)
屏東縣內埔鄉公所(已處理)",災情查報,道路、隧道災情,路基流失
42020000000000.0,2020/6/4 9:27,"[橋梁災情]
橋梁斷裂",屏東縣滿州鄉小墾丁度假村前滿州橋,因地震因素.滿州往港仔方向之要道-滿州橋之橋梁斷裂.造成3.人失蹤。,"交通部公路總局第三區養護工程處(待處理)
屏東縣政府警察局(待處理)
屏東縣政府工務處(待處理)
屏東縣滿州鄉公所(已處理)",災情查報,橋梁災情,橋梁斷裂
42020000000000.0,2020/6/4 9:27,"[積淹水災情]
道路積淹水",屏東縣里港鄉大平村信義路28號,因連日大雨.導致道路積淹水約150平方公尺.使得車輛進水損壞造成無法通行.10人受困於車內,"交通部公路總局第三區養護工程處(待處理)
屏東縣政府水利處(待處理)
屏東縣政府工務處(待處理)
屏東縣政府警察局(已處理)
屏東縣里港鄉公所(已處理)",災情查報,積淹水災情,道路積淹水
42020000000000.0,2020/6/4 9:27,"[積淹水災情]
房屋積淹水",屏東縣高樹鄉高樹村南興路26號,"因道路積淹水淹至住家,一戶3口受困,需撤離","交通部公路總局第三區養護工程處(待處理)
屏東縣政府水利處(待處理)
屏東縣政府工務處(待處理)
屏東縣政府警察局(已處理)
屏東縣高樹鄉公所(已處理)",災情查報,積淹水災情,房屋積淹水
42020000000000.0,2020/6/4 9:27,"[積淹水災情]
房屋積淹水",港隆宮,積水淹入民宅   撤離1人至港西國小,"交通部公路總局第三區養護工程處(待處理)
屏東縣政府水利處(待處理)
屏東縣政府工務處(待處理)
屏東縣政府警察局(已處理)
屏東縣新園鄉公所(已處理)",災情查報,積淹水災情,房屋積淹水
42020000000000.0,2020/6/4 9:26,"[廣告招牌災情]
廣告招牌掉落",屏東縣滿州鄉中山路90號,"(測試)滿州鄉滿州村有位保全外出,遭二樓掉落招牌砸傷,多處骨折","屏東縣政府城鄉發展處(已處理)
屏東縣滿州鄉公所(已處理)",災情查報,廣告招牌災情,廣告招牌掉落
42020000000000.0,2020/6/4 9:25,"[廣告招牌災情]
廣告招牌掉落",屏東縣麟洛鄉[屏東縣麟洛鄉麟趾村8鄰中正路76號],(測試)麟趾村有位保全外出，遭二樓掉落招牌砸傷，多處骨折。,"屏東縣政府城鄉發展處(已處理)
屏東縣麟洛鄉公所(已處理)",災情查報,廣告招牌災情,廣告招牌掉落
12020000000000.0,2020/6/4 9:24,"[道路、隧道災情]
路基流失",屏東縣竹田鄉中山路25號,竹田里堤防道路路基流失，有2人受困於此。,"交通部公路總局第三區養護工程處(待處理)
屏東縣政府警察局(待處理)
屏東縣政府工務處(待處理)
屏東縣竹田鄉公所(已處理)",網路災情通報,道路、隧道災情,路基流失
42020000000000.0,2020/6/4 9:24,"[廣告招牌災情]
廣告招牌欲墜",屏東縣牡丹鄉牡丹村2鄰,本鄉牡丹村(路)2鄰雜貨店商家招牌因強風吹襲，搖晃欲墬。,屏東縣牡丹鄉公所(已處理),災情查報,廣告招牌災情,廣告招牌欲墜
42020000000000.0,2020/6/4 9:23,"[廣告招牌災情]
廣告招牌欲墜",屏東縣崁頂鄉南州路7號,即將掉,屏東縣崁頂鄉公所(已處理),災情查報,廣告招牌災情,廣告招牌欲墜
42020000000000.0,2020/6/4 9:22,"[路樹災情]
路樹倒塌",屏東縣麟洛鄉[屏東縣麟洛鄉麟頂村1鄰民生路108號],(測試)屏安醫院門口路樹因颱風倒塌，壓到電線造成爆炸，引起火災，並造成8名路人受傷。,"交通部公路總局第三區養護工程處(待處理)
屏東縣政府工務處(待處理)
屏東縣麟洛鄉公所(已處理)",災情查報,路樹災情,路樹倒塌
42020000000000.0,2020/6/4 9:22,"[道路、隧道災情]
路基流失",屏東縣泰武鄉佳興村,"路樹災情,及大雨沖刷路基,雙向不通
","交通部公路總局第三區養護工程處(待處理)
屏東縣政府警察局(待處理)
屏東縣政府工務處(待處理)
屏東縣泰武鄉公所(已處理)",災情查報,道路、隧道災情,路基流失
42020000000000.0,2020/6/4 9:22,"[路樹災情]
路樹傾斜",屏東縣泰武鄉萬安村1號,接獲村民報案，在萬安國小附近，小小影響交通,"交通部公路總局第三區養護工程處(待處理)
屏東縣政府工務處(待處理)
屏東縣泰武鄉公所(已處理)",災情查報,路樹災情,路樹傾斜
42020000000000.0,2020/6/4 9:22,"[積淹水災情]
道路積淹水",屏東縣琉球鄉中正路與忠孝路交叉路口,豪大雨導致中正路積淹水約200平方公尺，使得車輛故障造成無法通行，15人受困於車內。,"交通部公路總局第三區養護工程處(待處理)
屏東縣政府水利處(待處理)
屏東縣政府工務處(待處理)
屏東縣政府警察局(已處理)
屏東縣琉球鄉公所(已處理)",災情查報,積淹水災情,道路積淹水
12020000000000.0,2020/6/4 9:22,"[橋梁災情]
橋梁斷裂",屏東縣萬巒鄉,橋梁斷裂,"交通部公路總局第三區養護工程處(待處理)
屏東縣政府警察局(待處理)
屏東縣政府工務處(待處理)
屏東縣萬巒鄉公所(已處理)",網路災情通報,橋梁災情,橋梁斷裂
42020000000000.0,2020/6/4 9:22,"[土石災情]
堰塞湖",屏東縣崁頂鄉振興路6號,大水湖,屏東縣崁頂鄉公所(已處理),災情查報,土石災情,堰塞湖
42020000000000.0,2020/6/4 9:21,"[路樹災情]
路樹倒塌",屏東縣滿州鄉山頂路56-1號,滿州鄉星苑門口路樹強風造成路樹倒塌.壓到電線造成爆炸.引起火災並造成8民路人受傷,"交通部公路總局第三區養護工程處(待處理)
屏東縣政府工務處(待處理)
屏東縣滿州鄉公所(已處理)",災情查報,路樹災情,路樹倒塌
42020000000000.0,2020/6/4 9:21,"[積淹水災情]
道路積淹水",屏東縣屏東市,水滿,"交通部公路總局第三區養護工程處(待處理)
屏東縣政府警察局(待處理)
屏東縣政府水利處(待處理)
屏東縣政府工務處(待處理)
屏東縣屏東市公所(已處理)",災情查報,積淹水災情,道路積淹水
42020000000000.0,2020/6/4 9:20,"[橋梁災情]
橋梁斷裂",屏東縣獅子鄉[屏東縣獅子鄉丹路村5鄰丹路二巷23號],"因地震造成獅子鄉台九線雙流橋斷裂,車輛掉落溪流,3人失蹤","交通部公路總局第三區養護工程處(待處理)
屏東縣政府警察局(待處理)
屏東縣政府工務處(待處理)
屏東縣獅子鄉公所(處理中)",災情查報,橋梁災情,橋梁斷裂
12020000000000.0,2020/6/4 9:20,"[路樹災情]
路樹倒塌",屏東縣新埤鄉中正路40號[屏東縣南州鄉同安村10鄰中興路119之5號],豪大風雨倒致路樹倒塌,"交通部公路總局第三區養護工程處(待處理)
屏東縣政府工務處(待處理)
屏東縣新埤鄉公所殯葬暨宗教管理所(待處理)
屏東縣新埤鄉公所(已處理)",網路災情通報,路樹災情,路樹倒塌
12020000000000.0,2020/6/4 9:20,"[土石災情]
堰塞湖",屏東縣獅子鄉竹坑村,因地震造成土石崩坍在竹坑村上方形成堰塞湖,"交通部公路總局第三區養護工程處(待處理)
屏東縣政府警察局(待處理)
屏東縣政府水利處(待處理)
屏東縣政府工務處(待處理)
屏東縣獅子鄉公所(已處理)",網路災情通報,土石災情,堰塞湖
42020000000000.0,2020/6/4 9:20,"[道路、隧道災情]
路基流失",屏東縣獅子鄉[屏東縣獅子鄉內文村3鄰內文一巷40號],"(測試)接獲民眾報案,在內文村風港野溪堤防道路路基流失,有2人受困於此","交通部公路總局第三區養護工程處(待處理)
屏東縣政府警察局(待處理)
屏東縣政府工務處(待處理)
屏東縣獅子鄉公所(處理中)",災情查報,道路、隧道災情,路基流失
42020000000000.0,2020/6/4 9:20,"[橋梁災情]
其他",屏東縣崁頂鄉中正路46號,水高近路,屏東縣崁頂鄉公所(已處理),災情查報,橋梁災情,其他
42020000000000.0,2020/6/4 9:20,"[路樹災情]
路樹倒塌",屏東縣竹田鄉糶糴村三民路200號,路樹倒塌，影響交通,屏東縣竹田鄉公所(已處理),災情查報,路樹災情,路樹倒塌
42020000000000.0,2020/6/4 9:19,"[道路、隧道災情]
路基流失",屏東縣麟洛鄉[屏東縣麟洛鄉麟蹄村19鄰民族路68號],(測試)接獲民眾報案，在新田村堤防道路路基流失，有2人受困於此。,"交通部公路總局第三區養護工程處(待處理)
屏東縣政府警察局(待處理)
屏東縣政府消防局(待處理)
屏東縣政府工務處(待處理)",災情查報,道路、隧道災情,路基流失
42020000000000.0,2020/6/4 9:19,"[積淹水災情]
道路積淹水",屏東縣高樹鄉[屏東縣高樹鄉高樹村12鄰南興路26號],"因排水溝阻塞,致水勢滿溢積淹路面,車輛無法通行","交通部公路總局第三區養護工程處(待處理)
屏東縣政府水利處(待處理)
屏東縣政府工務處(待處理)
屏東縣政府警察局(已處理)
屏東縣高樹鄉公所(已處理)",災情查報,積淹水災情,道路積淹水
42020000000000.0,2020/6/4 9:18,"[道路、隧道災情]
路基流失",屏東縣崁頂鄉,接獲民眾報案，堤防道路路基流失，有2人受困於此。,屏東縣崁頂鄉公所(已處理),災情查報,道路、隧道災情,路基流失
42020000000000.0,2020/6/4 9:17,"[積淹水災情]
道路積淹水",屏東縣屏東市,路積水,"交通部公路總局第三區養護工程處(待處理)
屏東縣政府警察局(待處理)
屏東縣政府水利處(待處理)
屏東縣政府工務處(待處理)
屏東縣屏東市公所(已處理)",災情查報,積淹水災情,道路積淹水
42020000000000.0,2020/6/4 9:17,"[道路、隧道災情]
路基流失",屏東縣屏東市,路不平,"交通部公路總局第三區養護工程處(待處理)
屏東縣政府警察局(待處理)
屏東縣政府工務處(待處理)
屏東縣屏東市公所(已處理)",災情查報,道路、隧道災情,路基流失
42020000000000.0,2020/6/4 9:16,"[橋梁災情]
橋梁斷裂",屏東縣佳冬鄉佳和路5號,風大雨大橋樑斷,"交通部公路總局第三區養護工程處(待處理)
屏東縣政府警察局(待處理)
屏東縣政府工務處(待處理)
屏東縣佳冬鄉公所(已處理)",災情查報,橋梁災情,橋梁斷裂
42020000000000.0,2020/6/4 9:16,"[橋梁災情]
河川水位達警戒水位及封閉橋梁",屏東縣屏東市,水滿,"交通部公路總局第三區養護工程處(待處理)
屏東縣政府警察局(待處理)
屏東縣政府水利處(待處理)
屏東縣政府工務處(待處理)
屏東縣屏東市公所(已處理)",災情查報,橋梁災情,河川水位達警戒水位及封閉橋梁
42020000000000.0,2020/6/4 9:16,"[道路、隧道災情]
路基流失",屏東縣新埤鄉箕湖村堤防,接獲民眾報案，在新埤鄉箕湖村堤防道路路基流失，有2人受困於此。,"交通部公路總局第三區養護工程處(待處理)
屏東縣政府警察局(待處理)
屏東縣政府工務處(待處理)
屏東縣新埤鄉公所殯葬暨宗教管理所(待處理)
屏東縣新埤鄉公所(已處理)",災情查報,道路、隧道災情,路基流失
42020000000000.0,2020/6/4 9:16,"[廣告招牌災情]
廣告招牌掉落",屏東縣南州鄉仁里路11號,南州鄉公所有位保全外出，遭二樓掉落招牌砸傷，多處骨折,"屏東縣政府城鄉發展處(已處理)
屏東縣南州鄉公所(已處理)",災情查報,廣告招牌災情,廣告招牌掉落
42020000000000.0,2020/6/4 9:15,"[路樹災情]
路樹倒塌",屏東縣九如鄉[屏東縣九如鄉東寧村15鄰東昌街53號],樹木倒塌，造成交通障礙,"交通部公路總局第三區養護工程處(待處理)
屏東縣政府工務處(待處理)
屏東縣九如鄉公所(處理中)",災情查報,路樹災情,路樹倒塌
42020000000000.0,2020/6/4 9:15,"[積淹水災情]
房屋積淹水",屏東縣九如鄉,高屏溪沿岸低窪地區，因溪水暴漲，部份靠近溪邊民宅已淹水，水深約30公分。,"交通部公路總局第三區養護工程處(待處理)
屏東縣政府水利處(待處理)
屏東縣政府工務處(待處理)
屏東縣九如鄉公所(處理中)
屏東縣政府警察局(已處理)",災情查報,積淹水災情,房屋積淹水
42020000000000.0,2020/6/4 9:14,"[橋梁災情]
橋墩基礎沖刷",屏東縣屏東市,橋危,"交通部公路總局第三區養護工程處(待處理)
屏東縣政府警察局(待處理)
屏東縣屏東市公所(已處理)",災情查報,橋梁災情,橋墩基礎沖刷
42020000000000.0,2020/6/4 9:14,"[土石災情]
堰塞湖",屏東縣滿州鄉老佛路25號,"(測試)由於發生地震,造成港口溪疑因土石崩坍,在滿州村附近形成一處堰塞湖,本所立即偕同村長.警察.消防人力進行疏散撤離63人","交通部公路總局第三區養護工程處(待處理)
屏東縣政府警察局(待處理)
屏東縣政府水利處(待處理)
屏東縣政府工務處(待處理)
屏東縣滿州鄉公所(已處理)",災情查報,土石災情,堰塞湖
42020000000000.0,2020/6/4 9:14,"[路樹災情]
路樹倒塌",屏東縣崁頂鄉[屏東縣崁頂鄉北勢村5鄰北勢路43之3號],大樹倒,屏東縣崁頂鄉公所(已處理),災情查報,路樹災情,路樹倒塌
42020000000000.0,2020/6/4 9:14,"[廣告招牌災情]
廣告招牌欲墜",屏東縣屏東市[屏東縣屏東市大埔里2鄰民族路214之2號],風大廣告招牌快掉落,"屏東縣政府城鄉發展處(已處理)
屏東縣屏東市公所(已處理)",災情查報,廣告招牌災情,廣告招牌欲墜
42020000000000.0,2020/6/4 9:12,"[路樹災情]
路樹倒塌",屏東縣九如鄉,九里路近大坵村附近十字路口，有路樹倒塌，影響交通，請派人處理。,"交通部公路總局第三區養護工程處(待處理)
屏東縣政府工務處(待處理)
屏東縣九如鄉公所(處理中)",災情查報,路樹災情,路樹倒塌
42020000000000.0,2020/6/4 9:12,"[橋梁災情]
河川水位達警戒水位及封閉橋梁",屏東縣麟洛鄉[屏東縣麟洛鄉麟蹄村5鄰中山路262號],(測試)因地震因素，往長治鄉的長麟橋之強梁斷裂，造成3人失蹤。,"交通部公路總局第三區養護工程處(待處理)
屏東縣政府警察局(待處理)
屏東縣政府水利處(待處理)
屏東縣政府工務處(待處理)
屏東縣麟洛鄉公所(已處理)",災情查報,橋梁災情,河川水位達警戒水位及封閉橋梁
42020000000000.0,2020/6/4 9:12,"[土石災情]
堰塞湖",屏東縣南州鄉[屏東縣南州鄉七塊村1鄰三民路260號],由於發生地震，溪州溪疑因土石崩坍，在溪北村、溪洲村附近形成一處堰塞湖，鄉公所立即偕同村長、警察、消防人力進行疏散撤離63人。,"交通部公路總局第三區養護工程處(待處理)
屏東縣政府水利處(待處理)
屏東縣政府工務處(待處理)
屏東縣政府警察局(已處理)
屏東縣南州鄉公所(已處理)",災情查報,土石災情,堰塞湖
42020000000000.0,2020/6/4 9:11,"[路樹災情]
路樹倒塌",屏東縣屏東市,樹倒,"交通部公路總局第三區養護工程處(待處理)
屏東縣政府工務處(待處理)
屏東縣屏東市公所(已處理)",災情查報,路樹災情,路樹倒塌
42020000000000.0,2020/6/4 9:10,"[積淹水災情]
道路積淹水",屏東縣鹽埔鄉新二村大仁東街4號,道路因側溝狹小宣洩不及而積水,"交通部公路總局第三區養護工程處(待處理)
屏東縣政府水利處(待處理)
屏東縣政府工務處(待處理)
屏東縣政府警察局(已處理)
屏東縣鹽埔鄉公所(已處理)",災情查報,積淹水災情,道路積淹水
42020000000000.0,2020/6/4 9:10,"[道路、隧道災情]
道路落石",屏東縣里港鄉玉田村八德路88號,"因連日豪大雨.導致道路兩側土石鬆動造成落石及土石泥堆滿道路.並使得車輛無法通行且有一台車輛中有6人受困於車內
","交通部公路總局第三區養護工程處(待處理)
屏東縣政府工務處(待處理)
屏東縣政府警察局(已處理)
屏東縣里港鄉公所(已處理)",災情查報,道路、隧道災情,道路落石
42020000000000.0,2020/6/4 9:10,"[廣告招牌災情]
廣告招牌掉落",屏東縣萬巒鄉,廣告招牌掉落,屏東縣萬巒鄉公所(已處理),災情查報,廣告招牌災情,廣告招牌掉落
42020000000000.0,2020/6/4 9:10,"[廣告招牌災情]
廣告招牌掉落",屏東縣竹田鄉,竹田區有位保全外出，遭二樓掉落招牌砸傷，多處骨折。,屏東縣竹田鄉公所(已處理),災情查報,廣告招牌災情,廣告招牌掉落
42020000000000.0,2020/6/4 9:09,"[橋梁災情]
橋梁斷裂",屏東縣南州鄉[屏東縣南州鄉溪北村2鄰勝利路162號],因地震因素，往崁頂鄉的溪北橋之強梁斷裂，造成3人失蹤。,"交通部公路總局第三區養護工程處(待處理)
屏東縣政府工務處(待處理)
屏東縣政府警察局(已處理)
屏東縣南州鄉公所(已處理)",災情查報,橋梁災情,橋梁斷裂
42020000000000.0,2020/6/4 9:09,"[土石災情]
堰塞湖",屏東縣萬巒鄉,土石崩塌,屏東縣萬巒鄉公所(已處理),災情查報,土石災情,堰塞湖
42020000000000.0,2020/6/4 9:09,"[土石災情]
堰塞湖",屏東縣竹田鄉,由於發生地震，高雄溪疑因土石崩坍，在竹田村附近形成一處堰塞湖，鄉公所立即偕同村長、警察、消防人力進行疏散撤離63人,屏東縣竹田鄉公所(已處理),災情查報,土石災情,堰塞湖
42020000000000.0,2020/6/4 9:08,"[土石災情]
堰塞湖",屏東縣佳冬鄉[屏東縣佳冬鄉玉光村15鄰大安街585之1號],由於發生地震，林邊溪疑因土石崩坍，在石光村附近形成一處堰塞湖，鄉公所立即偕同村長、警察、消防人力進行疏散撤離63人。,"交通部公路總局第三區養護工程處(待處理)
屏東縣政府警察局(待處理)
屏東縣政府水利處(待處理)
屏東縣政府工務處(待處理)
屏東縣佳冬鄉公所(已處理)",災情查報,土石災情,堰塞湖
42020000000000.0,2020/6/4 9:08,"[道路、隧道災情]
路基流失",屏東縣滿州鄉,接獲民眾通報.在滿州鄉長樂村佛山玄北宮堤防道路路基流失.有2人受困於此。,"交通部公路總局第三區養護工程處(待處理)
屏東縣政府警察局(待處理)
屏東縣政府工務處(待處理)
屏東縣滿州鄉公所(已處理)",災情查報,道路、隧道災情,路基流失
42020000000000.0,2020/6/4 9:08,"[橋梁災情]
橋梁斷裂",屏東縣萬巒鄉,橋梁斷裂,屏東縣萬巒鄉公所(已處理),災情查報,橋梁災情,橋梁斷裂
42020000000000.0,2020/6/4 9:07,"[道路、隧道災情]
路基流失",屏東縣佳冬鄉羌園村1111號,接獲民眾報案，在羌園村堤防道路路基流失，有2人受困於此。,"交通部公路總局第三區養護工程處(待處理)
屏東縣政府警察局(待處理)
屏東縣政府工務處(待處理)
屏東縣佳冬鄉公所(已處理)",災情查報,道路、隧道災情,路基流失
42020000000000.0,2020/6/4 9:07,"[路樹災情]
路樹倒塌",屏東縣佳冬鄉大同村武丁路1號,"大同醫院門口路樹因地震倒塌,壓道電線造成爆炸,引起火災,造成8名路人受傷","交通部公路總局第三區養護工程處(待處理)
屏東縣政府工務處(待處理)
屏東縣佳冬鄉公所(已處理)",災情查報,路樹災情,路樹倒塌
42020000000000.0,2020/6/4 9:07,"[橋梁災情]
橋梁斷裂",屏東縣竹田鄉,因地震因素，往竹田鄉的竹田橋之強梁斷裂，造成3人失蹤。,屏東縣竹田鄉公所(已處理),災情查報,橋梁災情,橋梁斷裂
42020000000000.0,2020/6/4 9:06,"[廣告招牌災情]
廣告招牌欲墜",屏東縣高樹鄉高樹國小,高樹鄉高樹村華光路30號廣告招牌搖搖欲墜,"屏東縣政府城鄉發展處(已處理)
屏東縣高樹鄉公所(已處理)",災情查報,廣告招牌災情,廣告招牌欲墜
42020000000000.0,2020/6/4 9:05,"[路樹災情]
路樹倒塌",屏東縣竹田鄉,竹田醫院門口路樹因地震倒塌，壓到電線造成爆炸，引起火災，並造成8名路人受傷。,屏東縣竹田鄉公所(已處理),災情查報,路樹災情,路樹倒塌
42020000000000.0,2020/6/4 9:05,"[道路、隧道災情]
路基流失",屏東縣牡丹鄉牡丹村,2人受困,屏東縣牡丹鄉公所(已處理),災情查報,道路、隧道災情,路基流失
42020000000000.0,2020/6/4 9:05,"[道路、隧道災情]
土石流阻斷",屏東縣萬巒鄉,道路不通,屏東縣萬巒鄉公所(已處理),災情查報,道路、隧道災情,土石流阻斷
42020000000000.0,2020/6/4 9:04,"[路樹災情]
路樹傾斜",屏東縣屏東市,樹歪,"交通部公路總局第三區養護工程處(待處理)
屏東縣政府工務處(待處理)
屏東縣屏東市公所(已處理)",災情查報,路樹災情,路樹傾斜
42020000000000.0,2020/6/4 9:03,"[道路、隧道災情]
路基流失",屏東縣竹田鄉,接獲民眾報案，在竹田鄉堤防道路路基流失，有2人受困於此。,屏東縣竹田鄉公所(已處理),災情查報,道路、隧道災情,路基流失
42020000000000.0,2020/6/4 9:03,"[路樹災情]
路樹傾斜",屏東縣萬巒鄉,路樹傾斜,屏東縣萬巒鄉公所(已處理),災情查報,路樹災情,路樹傾斜
42020000000000.0,2020/6/4 9:02,"[廣告招牌災情]
廣告招牌掉落",屏東縣佳冬鄉羌園村羌光路5號,有位保全外出，遭二樓掉落招牌砸傷，多處骨折。,"屏東縣政府城鄉發展處(已處理)
屏東縣佳冬鄉公所(已處理)",災情查報,廣告招牌災情,廣告招牌掉落
72020000000000.0,2020/6/4 9:00,"[其他災情]
其他",屏東縣屏東市建豐路42號,2020/06/0409:00:20受傷1人,,119消防署派遣系統,其他災情,其他
42020000000000.0,2020/6/4 8:48,"[其他災情]
其他",屏東縣東港鎮,(測試)請練習回覆處理情形2(縣政府填報),"國防部後備指揮部南部地區後備指揮部屏東縣後備指揮部(待處理)
經濟部水利署南區水資源局(待處理)
台灣自來水股份有限公司(待處理)
交通部公路總局第三區養護工程處(待處理)
行政院農業委員會農糧署南區分署(待處理)
農田水利會(待處理)
海岸巡防署海岸巡防總局南部地區巡防局(待處理)
海岸巡防署海洋巡防總局(待處理)
屏東縣政府警察局(待處理)
屏東縣政府警察局屏東分局(待處理)
屏東縣政府警察局潮州分局(待處理)
屏東縣政府警察局恆春分局(待處理)
屏東縣政府警察局里港分局(待處理)
屏東縣政府警察局枋寮分局(待處理)
屏東縣政府警察局內埔分局(待處理)
屏東縣政府消防局(待處理)
屏東縣政府稅務局(待處理)
屏東縣政府水利處(待處理)
屏東縣政府工務處(待處理)
屏東縣政府觀光傳播處(待處理)
第六三大隊(待處理)
欣屏天然氣公司(待處理)
紅十字會屏東縣支會(待處理)
陸軍機步333旅(待處理)
中華電信股份有限公司產業工會(待處理)
屏東縣政府交通旅遊處(待處理)
海洋委員會海巡署南部分署(待處理)
海洋委員會海巡署第八巡防區指揮部(待處理)
屏東縣政府衛生局(處理中)
經濟部水利署第七河川局(已處理)
台灣電力股份有限公司(已處理)
交通部公路總局高雄區監理所屏東監理站(已處理)
交通部臺灣鐵路管理局高雄運務段(已處理)
屏東縣政府(已處理)
屏東縣政府警察局東港分局(已處理)
屏東縣政府環境保護局(已處理)
屏東縣政府教育處(已處理)
屏東縣政府民政處(已處理)
屏東縣政府人事處(已處理)
屏東縣政府農業處(已處理)
屏東縣政府原住民處(已處理)
屏東縣政府社會處(已處理)
屏東縣政府城鄉發展處(已處理)",災情查報,其他災情,其他
42020000000000.0,2020/6/4 8:48,"[道路、隧道災情]
路基流失",[屏東縣南州鄉溪洲村4鄰營安路13號],接獲民眾報案，在營安路13號堤防道路路基流失，有2人受困於此。,"交通部公路總局第三區養護工程處(待處理)
屏東縣政府工務處(待處理)
屏東縣政府警察局(已處理)
屏東縣南州鄉公所(已處理)",災情查報,道路、隧道災情,路基流失
42020000000000.0,2020/6/4 8:48,"[火災]
公共場所",[屏東縣南州鄉溪洲村4鄰營安路15號],建人醫院門口路樹因地震倒塌，壓到電線造成爆炸，引起火災，並造成8名路人受傷,"屏東縣政府消防局(待處理)
屏東縣南州鄉公所(已處理)",災情查報,火災,公共場所
42020000000000.0,2020/6/4 8:46,"[其他災情]
其他",屏東縣潮州鎮,(測試)請練習回覆處理情形(縣政府填報),"國防部後備指揮部南部地區後備指揮部屏東縣後備指揮部(待處理)
經濟部水利署南區水資源局(待處理)
經濟部水利署第七河川局(待處理)
台灣自來水股份有限公司(待處理)
交通部公路總局第三區養護工程處(待處理)
行政院農業委員會農糧署南區分署(待處理)
農田水利會(待處理)
海岸巡防署海岸巡防總局南部地區巡防局(待處理)
海岸巡防署海洋巡防總局(待處理)
屏東縣政府(待處理)
屏東縣政府警察局(待處理)
屏東縣政府警察局屏東分局(待處理)
屏東縣政府警察局潮州分局(待處理)
屏東縣政府警察局恆春分局(待處理)
屏東縣政府警察局里港分局(待處理)
屏東縣政府警察局枋寮分局(待處理)
屏東縣政府警察局內埔分局(待處理)
屏東縣政府衛生局(待處理)
屏東縣政府消防局(待處理)
屏東縣政府稅務局(待處理)
屏東縣政府水利處(待處理)
屏東縣政府工務處(待處理)
屏東縣政府觀光傳播處(待處理)
第六三大隊(待處理)
欣屏天然氣公司(待處理)
紅十字會屏東縣支會(待處理)
陸軍機步333旅(待處理)
中華電信股份有限公司產業工會(待處理)
屏東縣政府交通旅遊處(待處理)
海洋委員會海巡署南部分署(待處理)
海洋委員會海巡署第八巡防區指揮部(待處理)
交通部公路總局高雄區監理所屏東監理站(處理中)
台灣電力股份有限公司(已處理)
交通部臺灣鐵路管理局高雄運務段(已處理)
屏東縣政府警察局東港分局(已處理)
屏東縣政府環境保護局(已處理)
屏東縣政府教育處(已處理)
屏東縣政府民政處(已處理)
屏東縣政府人事處(已處理)
屏東縣政府農業處(已處理)
屏東縣政府原住民處(已處理)
屏東縣政府社會處(已處理)
屏東縣政府城鄉發展處(已處理)",災情查報,其他災情,其他
42020000000000.0,2020/6/4 8:43,"[路樹災情]
路樹倒塌",屏東縣屏東市,(測試)醫院門口路樹因地震倒塌，壓到電線造成爆炸，引起火災，並造成8名路人受傷。(縣政府填報),"交通部公路總局第三區養護工程處(待處理)
屏東縣政府工務處(待處理)
屏東縣屏東市公所(已處理)",災情查報,路樹災情,路樹倒塌
42020000000000.0,2020/6/4 8:40,"[廣告招牌災情]
廣告招牌掉落",屏東縣鹽埔鄉鹽南村勝利路52之7號[屏東縣鹽埔鄉鹽南村2鄰勝利路52之7號],路邊餐廳招牌掉落,"屏東縣政府城鄉發展處(已處理)
屏東縣鹽埔鄉公所(已處理)",災情查報,廣告招牌災情,廣告招牌掉落
42020000000000.0,2020/6/4 8:06,"[鐵路、高鐵捷運災情]
道路中斷",屏東縣枋寮鄉,南迴線枋寮路段路基流失,"交通部臺灣鐵路管理局高雄運務段(待處理)
屏東縣枋寮鄉公所(已處理)",災情查報,鐵路、高鐵捷運災情,道路中斷
